Country Name,Country Code,Indicator Name,Indicator Code,1971,1972,1973,1974,1975,1976,1977,1978,1979,1980,1981,1982,1983,1984,1985,1986,1987,1988,1989,1990,1991,1992,1993,1994,1995,1996,1997,1998,1999,2000,2001,2002,2003,2004,2005,2006,2007,2008,2009,2010,2011,2012,2013,2014,2015
Aruba,ABW,Electricity production from coal sources (% of total),EG.ELC.COAL.ZS,,,,,,,,,,,,,,,,,,,,,,,,,,,,,,,,,,,,,,,,,,,,,
Africa Eastern and Southern,AFE,Electricity production from coal sources (% of total),EG.ELC.COAL.ZS,75.89578653,72.13923212,72.89847192,70.15258364,70.50046943,69.68969963,68.37667593,69.81017689,70.39044605,72.91953069,74.28708957,75.11071834,75.55873207,74.94565251,74.3053815,72.6435897,75.6526287,72.40766556,72.61354543,74.08046171,73.47799023,74.61612351,76.23797652,75.28203906,74.47305075,75.20837578,74.9854283,72.65943774,72.10050806,71.50419283,71.15746309,70.65712466,71.55464699,71.04659452,70.73980078,70.09303647,69.90798008,69.11001635,67.47753733,67.30660928,66.52821975,66.18081849,64.48996758,62.32286735,61.22450253
Afghanistan,AFG,Electricity production from coal sources (% of total),EG.ELC.COAL.ZS,,,,,,,,,,,,,,,,,,,,,,,,,,,,,,,,,,,,,,,,,,,,,
Africa Western and Central,AFW,Electricity production from coal sources (% of total),EG.ELC.COAL.ZS,0,0.01091095603,0,0.496015127,0.4242131905,0.4151966257,0.3775268059,0,0,0,0,0,0.0208281831,0.03772785855,0.01829029077,0.02484165123,0.02353310635,0.04163212483,0.03888539533,0.04393724078,0.04220801851,0.04364059042,0,0,0,0,0,0,0,0.3581914182,0.3372485556,0.3082426932,0.3382420215,0.3086012014,0.3152864549,0.3166505886,0.2955843563,0.3343045821,0.3664783233,0.3332676917,0.4003307681,0.3787180607,0.3375322875,0.3363529732,0.296089576
Angola,AGO,Electricity production from coal sources (% of total),EG.ELC.COAL.ZS,0,0,0,0,0,0,0,0,0,0,0,0,0,0,0,0,0,0,0,0,0,0,0,0,0,0,0,0,0,0,0,0,0,0,0,0,0,0,0,0,0,0,0,0,0
Albania,ALB,Electricity production from coal sources (% of total),EG.ELC.COAL.ZS,0,0,0,0,0,0,0,0,0,0,0,0,0,0,0,0,0,0,0,0,0,0,0,0,0,0,0,0,0,0,0,0,0,0,0,0,0,0,0,0,0,0,0,0,0
Andorra,AND,Electricity production from coal sources (% of total),EG.ELC.COAL.ZS,,,,,,,,,,,,,,,,,,,,,,,,,,,,,,,,,,,,,,,,,,,,,
Arab World,ARB,Electricity production from coal sources (% of total),EG.ELC.COAL.ZS,1.164559441,2.289048341,2.424595245,2.383211071,2.621970964,2.261141102,1.949245135,1.726167875,1.03056258,1.008775416,1.033015095,0.8332888975,0.9126664705,0.7361181742,0.6121866884,1.053391378,1.266426903,1.124755056,0.8143188413,0.8751483569,0.7198441068,0.5919354308,0.8262698214,0.905884588,1.761239891,1.663668121,1.694263485,1.831262577,1.604402638,1.916437535,2.392999112,2.226945128,2.159407981,2.170472796,2.030276316,1.934513882,1.756573996,1.528248746,1.355180808,1.231210908,1.281668085,1.231329014,1.205524645,1.479463753,1.51388235
United Arab Emirates,ARE,Electricity production from coal sources (% of total),EG.ELC.COAL.ZS,0,0,0,0,0,0,0,0,0,0,0,0,0,0,0,0,0,0,0,0,0,0,0,0,0,0,0,0,0,0,0,0,0,0,0,0,0,0,0,0,0,0,0,0,0
Argentina,ARG,Electricity production from coal sources (% of total),EG.ELC.COAL.ZS,3.085844903,2.430253695,2.366752935,2.425760286,2.215179089,2.075059571,1.650572301,2.261171263,1.80654074,2.062660555,2.301810036,1.837737552,2.092877241,1.292087355,1.340991936,2.067220374,1.952381867,3.035639092,1.712498268,1.300748916,1.726870932,1.492457186,1.916331038,3.639915048,2.847123778,2.75091123,2.622479183,2.442847106,2.617221967,2.003149252,1.511402097,0.9602974435,1.018146257,1.675235861,2.066527002,1.865835743,2.179397663,1.592875234,1.439480311,2.405339166,2.835861217,2.920509928,2.548929378,2.217283665,2.029567389
Armenia,ARM,Electricity production from coal sources (% of total),EG.ELC.COAL.ZS,,,,,,,,,,,,,,,,,,,,0,0,0,0,0,0,0,0,0,0,0,0,0,0,0,0,0,0,0,0,0,0,0,0,0,0
American Samoa,ASM,Electricity production from coal sources (% of total),EG.ELC.COAL.ZS,,,,,,,,,,,,,,,,,,,,,,,,,,,,,,,,,,,,,,,,,,,,,
Antigua and Barbuda,ATG,Electricity production from coal sources (% of total),EG.ELC.COAL.ZS,,,,,,,,,,,,,,,,,,,,,,,,,,,,,,,,,,,,,,,,,,,,,
Australia,AUS,Electricity production from coal sources (% of total),EG.ELC.COAL.ZS,71.03214252,71.92666823,74.88317213,67.78299786,68.82262602,68.36448843,72.42959497,70.74853719,69.80682458,73.25324989,71.13826706,71.06777892,73.13323919,73.20813603,74.68995487,74.06400051,76.5402249,76.72277901,77.28002067,78.73508462,80.35084581,81.13821751,80.43568821,81.12030341,80.16145366,82.16781836,82.96376212,84.00002051,82.74884961,83.02757977,83.28896618,77.10860329,77.48905189,77.65639994,79.52808664,79.62161674,77.05357253,75.83483151,74.89993752,71.32764169,67.98827917,68.5549644,63.71539254,61.16432507,62.8716168
Austria,AUT,Electricity production from coal sources (% of total),EG.ELC.COAL.ZS,13.11963691,11.53673293,10.31504722,10.04340668,8.009618412,10.44669002,6.657201029,6.648618521,5.91337662,7.021634615,10.3228708,9.016218776,10.07099971,11.30499484,10.9277125,9.343520477,9.921912735,8.27223826,9.76502899,14.21210646,15.51583269,10.19443721,7.280372194,7.499376331,9.37511327,11.6007765,12.31390859,9.179037739,9.104412845,11.2553028,13.15440418,12.87681613,16.37261821,14.7042681,13.1592414,14.0481007,12.85680286,10.77190101,7.592436214,9.868401684,11.77896968,9.087469073,9.456235476,7.970332381,8.226608163
Azerbaijan,AZE,Electricity production from coal sources (% of total),EG.ELC.COAL.ZS,,,,,,,,,,,,,,,,,,,,0,0,0,0,0,0,0,0,0,0,0,0,0,0,0,0,0,0,0,0,0,0,0,0,0,0
Burundi,BDI,Electricity production from coal sources (% of total),EG.ELC.COAL.ZS,,,,,,,,,,,,,,,,,,,,,,,,,,,,,,,,,,,,,,,,,,,,,
Belgium,BEL,Electricity production from coal sources (% of total),EG.ELC.COAL.ZS,26.88569967,25.55585537,21.67918257,26.13555797,21.46846979,22.50281179,25.36217969,26.56500326,28.21500819,29.36279219,34.87442808,37.69058386,32.14636874,33.79959024,26.54153113,24.18389129,24.16288286,25.11891666,26.36182843,28.24645763,27.02638159,25.94034449,26.71404921,27.45405868,26.2215028,24.23008331,20.91162456,20.57873896,15.02770914,19.36621845,16.2354677,15.64140896,13.89164802,13.61065996,12.24258829,10.92616304,9.515812083,8.656066425,6.855889362,6.346381337,6.119262139,6.695580794,6.278905603,6.156471148,6.108011733
Benin,BEN,Electricity production from coal sources (% of total),EG.ELC.COAL.ZS,,,0,0,0,0,0,0,0,0,0,0,0,0,0,0,0,0,0,0,0,0,0,0,0,0,0,0,0,0,0,0,0,0,0,0,0,0,0,0,0,0,0,0,0
Burkina Faso,BFA,Electricity production from coal sources (% of total),EG.ELC.COAL.ZS,,,,,,,,,,,,,,,,,,,,,,,,,,,,,,,,,,,,,,,,,,,,,
Bangladesh,BGD,Electricity production from coal sources (% of total),EG.ELC.COAL.ZS,0,0,0,0,0,0,0,0,0,0,0,0,0,0,0,0,0,0,0,0,0,0,0,0,0,0,0,0,0,0,0,0,0,0,0.6163269936,0.9346110867,2.389937107,3.214682331,2.937299944,1.89262074,1.87303241,1.927432972,2.306099398,1.969737667,1.689515514
Bulgaria,BGR,Electricity production from coal sources (% of total),EG.ELC.COAL.ZS,81.50456795,81.38835257,77.27728184,70.15697623,64.87300392,52.76246081,47.02793672,45.86561666,47.25346021,49.15171523,45.79140972,47.03774191,45.06424686,45.55873926,36.44792467,42.10186514,44.16534401,36.58070678,38.26249774,50.25984196,51.3924918,50.59253019,45.78782535,44.96892455,42.02302041,40.72712801,44.99659792,44.75809368,43.36252926,42.33380898,45.3829191,41.19851075,45.97902098,46.12320765,42.35649959,42.20913366,52.31618418,52.0814642,49.79353956,49.12532325,55.04867761,49.11226089,45.02542432,45.4003026,46.20655697
Bahrain,BHR,Electricity production from coal sources (% of total),EG.ELC.COAL.ZS,0,0,0,0,0,0,0,0,0,0,0,0,0,0,0,0,0,0,0,0,0,0,0,0,0,0,0,0,0,0,0,0,0,0,0,0,0,0,0,0,0,0,0,0,0
"Bahamas, The",BHS,Electricity production from coal sources (% of total),EG.ELC.COAL.ZS,,,,,,,,,,,,,,,,,,,,,,,,,,,,,,,,,,,,,,,,,,,,,
Bosnia and Herzegovina,BIH,Electricity production from coal sources (% of total),EG.ELC.COAL.ZS,,,,,,,,,,,,,,,,,,,,71.76052488,62.72760247,47.77011494,28.85482417,17.64844486,16.40536242,29.26430518,46.48031945,49.33348022,45.10537719,50.69517691,50.43241211,49.89337042,58.83188354,51.98774356,51.28551024,54.79750545,64.7233537,67.16589085,59.554506,52.53445457,70.71989529,69.50007101,58.07690104,62.81559406,63.97722183
Belarus,BLR,Electricity production from coal sources (% of total),EG.ELC.COAL.ZS,,,,,,,,,,,,,,,,,,,,0,0,0,0,0,0,0,0,0,0,0,0,0,0,0,0,0,0,0,0,0,0,0,0,0,0
Belize,BLZ,Electricity production from coal sources (% of total),EG.ELC.COAL.ZS,,,,,,,,,,,,,,,,,,,,,,,,,,,,,,,,,,,,,,,,,,,,,
Bermuda,BMU,Electricity production from coal sources (% of total),EG.ELC.COAL.ZS,,,,,,,,,,,,,,,,,,,,,,,,,,,,,,,,,,,,,,,,,,,,,
Bolivia,BOL,Electricity production from coal sources (% of total),EG.ELC.COAL.ZS,0,0,0,0,0,0,0,0,0,0,0,0,0,0,0,0,0,0,0,0,0,0,0,0,0,0,0,0,0,0,0,0,0,0,0,0,0,0,0,0,0,0,0,0,0
Brazil,BRA,Electricity production from coal sources (% of total),EG.ELC.COAL.ZS,3.30373415,3.467702428,2.161418904,1.838240422,2.061189586,1.66605578,1.774046648,2.713587453,2.397968038,2.465920505,3.16836279,3.071228031,2.427166542,2.711410892,2.553670449,3.059447479,2.698063748,2.263348639,2.525697106,2.133551146,2.425579302,2.109774461,1.985903419,1.934310359,2.003621177,2.09284601,2.397867408,2.193020625,2.9374156,3.154395116,3.398090762,2.662647431,2.495752582,2.731169974,2.665290435,2.503952668,2.268464125,2.607829968,2.098596716,2.198373227,2.327943027,2.591635542,3.813019177,4.52957838,4.722411339
Barbados,BRB,Electricity production from coal sources (% of total),EG.ELC.COAL.ZS,,,,,,,,,,,,,,,,,,,,,,,,,,,,,,,,,,,,,,,,,,,,,
Brunei Darussalam,BRN,Electricity production from coal sources (% of total),EG.ELC.COAL.ZS,0,0,0,0,0,0,0,0,0,0,0,0,0,0,0,0,0,0,0,0,0,0,0,0,0,0,0,0,0,0,0,0,0,0,0,0,0,0,0,0,0,0,0,0,0
Bhutan,BTN,Electricity production from coal sources (% of total),EG.ELC.COAL.ZS,,,,,,,,,,,,,,,,,,,,,,,,,,,,,,,,,,,,,,,,,,,,,
Botswana,BWA,Electricity production from coal sources (% of total),EG.ELC.COAL.ZS,,,,,,,,,,,78.17164179,81.99233716,85.96112311,88.84210526,95.27720739,91.62479062,94.4812362,84.15841584,86.91037736,88.0794702,96.47058824,97.33096085,97.06405694,97.51838235,97.98270893,97.22589168,96.87092568,97.87234043,97.6085031,97.63157895,97.87422498,97.46945899,97.2168906,94.76386037,99.42965779,99.3896236,99.27536232,100,100,100,91.42259414,71.42857143,82.34019502,95.67661046,96.35995956
Central African Republic,CAF,Electricity production from coal sources (% of total),EG.ELC.COAL.ZS,,,,,,,,,,,,,,,,,,,,,,,,,,,,,,,,,,,,,,,,,,,,,
Canada,CAN,Electricity production from coal sources (% of total),EG.ELC.COAL.ZS,18.80108009,17.15415212,12.92427087,12.2713084,13.11065396,13.72376098,15.00251532,14.55555005,14.6748907,16.02237474,16.25595452,17.86192813,18.08596719,19.21466328,17.31850393,15.29527534,16.97639084,18.14276507,18.37107334,17.05664041,17.40251465,17.30417718,15.48230934,15.59388345,15.60753922,15.70735641,17.3303696,19.034664,18.6406308,19.416905,19.98897894,19.60166878,19.10500015,16.87979795,16.20984845,15.24984945,16.10280444,14.8664432,12.91866578,13.17218012,11.81288719,10.11606045,9.799397215,9.917127733,9.836449295
Central Europe and the Baltics,CEB,Electricity production from coal sources (% of total),EG.ELC.COAL.ZS,60.03630946,60.09320995,60.21183409,58.5115148,58.72404124,56.56098092,55.72546697,55.36111178,55.45022292,56.27632309,51.80805049,53.58258741,54.04439159,54.26821454,55.07489699,54.34573202,53.97680688,53.64769305,53.74919277,55.65273706,55.45078009,59.16958389,58.89739309,58.62498072,58.24136992,57.45879378,58.07971293,56.88619332,57.31562948,59.4213238,57.93218079,56.16536544,57.63815388,56.04990614,55.25787193,56.08717187,56.83408594,55.19768608,53.86489836,53.24382119,55.0559676,53.07206166,51.1579079,49.61770225,50.34462137
Switzerland,CHE,Electricity production from coal sources (% of total),EG.ELC.COAL.ZS,0,0,0,0,0,0,0.03704510787,0.05917159763,0.1033762235,0.1349247535,0.1601265579,0.1580711511,0.1417760322,0.1896882252,0.1836613429,0.1397216179,0.0629305213,0.05194544053,0.09302498651,0.07273785278,0.01582167217,0.01543421594,0.001643115347,0.001528584531,0.001606477317,0,0,0,0,0,0,0,0,0,0,0,0,0,0,0,0,0,0,0,0
Channel Islands,CHI,Electricity production from coal sources (% of total),EG.ELC.COAL.ZS,,,,,,,,,,,,,,,,,,,,,,,,,,,,,,,,,,,,,,,,,,,,,
Chile,CHL,Electricity production from coal sources (% of total),EG.ELC.COAL.ZS,16.14265603,9.558988135,13.99726215,11.41228353,9.184608337,10.66077396,10.84288052,11.59266409,14.50511945,16.08373755,16.06278177,9.620082554,10.80481622,15.55901311,12.28632479,10.75013565,9.835646224,17.83624002,30.35202964,35.51600261,21.29151846,11.63081876,11.86934966,18.56628556,22.80301138,30.90814434,28.15268643,31.94119801,33.2638708,21.12630371,11.37288096,11.56831765,10.41662218,15.07186377,13.74133069,19.15943601,22.66147088,23.63660726,24.53311814,27.90813118,29.85558413,36.32492724,41.38096216,36.33848476,37.14433523
China,CHN,Electricity production from coal sources (% of total),EG.ELC.COAL.ZS,70.12195999,63.61849598,57.92493879,56.78093797,55.81248739,50.57181624,56.64306925,60.57836228,56.51427558,53.03529255,52.66918873,54.3258667,54.85061461,58.28532818,63.46952689,66.65383845,68.34898546,68.53707746,69.2667704,71.03906849,73.50791367,75.03179409,73.50378519,74.78962989,73.7489508,76.19760424,76.35928894,75.63614561,77.67118548,78.21363715,76.25245704,77.54358093,79.55556835,78.17369805,79.19611784,80.33949603,80.95423534,78.75051375,78.38266989,77.18719414,78.87712304,75.65891205,75.27906857,72.63390781,70.30942695
Cote d'Ivoire,CIV,Electricity production from coal sources (% of total),EG.ELC.COAL.ZS,0,0,0,0,0,0,0,0,0,0,0,0,0,0,0,0,0,0,0,0,0,0,0,0,0,0,0,0,0,0,0,0,0,0,0,0,0,0,0,0,0,0,0,0,0
Cameroon,CMR,Electricity production from coal sources (% of total),EG.ELC.COAL.ZS,0,0,0,0,0,0,0,0,0,0,0,0,0,0,0,0,0,0,0,0,0,0,0,0,0,0,0,0,0,0,0,0,0,0,0,0,0,0,0,0,0,0,0,0,0
"Congo, Dem. Rep.",COD,Electricity production from coal sources (% of total),EG.ELC.COAL.ZS,0,0,0,0,0,0,0,0,0,0,0,0,0,0,0,0,0,0,0,0,0,0,0,0,0,0,0,0,0,0,0,0,0,0,0,0,0,0,0,0,0,0,0,0,0
"Congo, Rep.",COG,Electricity production from coal sources (% of total),EG.ELC.COAL.ZS,0,0,0,0,0,0,0,0,0,0,0,0,0,0,0,0,0,0,0,0,0,0,0,0,0,0,0,0,0,0,0,0,0,0,0,0,0,0,0,0,0,0,0,0,0
Colombia,COL,Electricity production from coal sources (% of total),EG.ELC.COAL.ZS,13.11395372,12.58668187,12.44517072,12.19455614,10.37042765,11.24325113,10.20515173,9.353222369,8.287292818,7.908637386,8.292823796,8.412226129,6.937349924,9.784929232,11.70089835,10.29221882,9.70251135,9.893372107,10.09150701,10.19886129,10.28115707,14.17253521,11.2814129,8.551281122,10.00327746,4.31945021,6.866943168,5.966991113,4.565410303,5.103768116,5.43713457,5.12410639,6.29122709,4.014561838,4.9049407,5.458941691,6.297986383,5.413135972,7.412203188,6.891155089,3.770182772,5.471782861,8.992484667,10.17814608,11.85215237
Comoros,COM,Electricity production from coal sources (% of total),EG.ELC.COAL.ZS,,,,,,,,,,,,,,,,,,,,,,,,,,,,,,,,,,,,,,,,,,,,,
Cabo Verde,CPV,Electricity production from coal sources (% of total),EG.ELC.COAL.ZS,,,,,,,,,,,,,,,,,,,,,,,,,,,,,,,,,,,,,,,,,,,,,
Costa Rica,CRI,Electricity production from coal sources (% of total),EG.ELC.COAL.ZS,0,0,0,0,0,0,0,0,0,0,0,0,0,0,0,0,0,0,0,0,0,0,0,0,0,0,0,0,0,0,0,0,0,0,0,0,0,0,0,0,0,0,0,0,0
Caribbean small states,CSS,Electricity production from coal sources (% of total),EG.ELC.COAL.ZS,,,,,,,,,,,,,,,,,,,,,,,,,,,,,,,,,,,,,,,,,,,,,
Cuba,CUB,Electricity production from coal sources (% of total),EG.ELC.COAL.ZS,0,0,0,0,0,0,0,0,0,0,0,0,0,0,0,0,0,0,0,0,0,0,0,0,0,0,0,0,0,0,0,0,0,0,0,0,0,0,0,0,0,0,0,0,0
Curacao,CUW,Electricity production from coal sources (% of total),EG.ELC.COAL.ZS,0,0,0,0,0,0,0,0,0,0,0,0,0,0,0,0,0,0,0,,,,,,,,,,,,,,,,,,,,,,,,,,
Cayman Islands,CYM,Electricity production from coal sources (% of total),EG.ELC.COAL.ZS,,,,,,,,,,,,,,,,,,,,,,,,,,,,,,,,,,,,,,,,,,,,,
Cyprus,CYP,Electricity production from coal sources (% of total),EG.ELC.COAL.ZS,0,0,0,0,0,0,0,0,0,0,0,0,0,0,0,0,0,0,0,0,0,0,0,0,0,0,0,0,0,0,0,0,0,0,0,0,0,0,0,0,0,0,0,0,0
Czechia,CZE,Electricity production from coal sources (% of total),EG.ELC.COAL.ZS,84.84273617,85.11079108,85.14353718,81.6689847,81.2734164,81.19596094,81.00363324,81.8615485,80.5264493,84.75007596,83.33613304,90.27759987,90.50149159,88.22728526,85.48201167,78.56812857,70.64119879,70.58942394,71.85518417,76.44007644,76.56141166,75.34077247,74.54734545,73.22269606,74.06520842,73.55655485,74.3557002,73.58411736,72.1473215,75.39054464,74.00517283,68.77162971,64.1252898,63.04451605,63.79392416,62.46563225,64.5902648,62.25103548,59.57100157,58.30246624,57.06992717,53.71855065,50.82201656,51.15516593,53.06115038
Germany,DEU,Electricity production from coal sources (% of total),EG.ELC.COAL.ZS,74.98938117,72.37980693,69.00350472,67.20836331,63.27461761,66.08277194,63.65334829,62.6458232,61.94284101,62.93991508,65.11608019,66.20680226,67.66259097,65.32322006,61.93752882,62.26195974,59.87912537,58.62670875,58.06130998,58.73112389,59.14606607,57.1244135,57.37846109,56.52802239,55.62260001,54.96058588,53.35860047,54.11993664,52.15448516,53.14609313,51.83953558,52.6833736,52.08423417,50.42963157,48.34589152,47.16388613,48.65235938,44.99479807,44.11355909,43.64242247,44.8562978,46.01646898,47.24122949,45.8101933,44.26280916
Djibouti,DJI,Electricity production from coal sources (% of total),EG.ELC.COAL.ZS,,,,,,,,,,,,,,,,,,,,,,,,,,,,,,,,,,,,,,,,,,,,,
Dominica,DMA,Electricity production from coal sources (% of total),EG.ELC.COAL.ZS,,,,,,,,,,,,,,,,,,,,,,,,,,,,,,,,,,,,,,,,,,,,,
Denmark,DNK,Electricity production from coal sources (% of total),EG.ELC.COAL.ZS,18.59428694,18.75182269,35.80020921,30.85286565,34.94853263,46.47715637,48.01486584,55.39230091,63.11790512,81.84195778,85.99402925,91.45241507,94.98173948,95.83186309,93.56299753,92.51534938,93.82820713,91.08656929,89.08559717,90.67046417,91.51730743,87.69926475,86.32189321,82.03952881,74.42189455,74.02672539,64.8899921,57.53168098,51.59558068,46.24580479,47.22892205,46.47084277,54.79366042,46.17914729,42.66125917,53.85981452,50.59263404,47.68953463,48.61336338,43.75997118,39.67186125,34.32787206,41.13634401,34.37733035,24.54485784
Dominican Republic,DOM,Electricity production from coal sources (% of total),EG.ELC.COAL.ZS,0,0,0,0,0,0,0,0,0,0,0,0,0,0,13.46107784,1.617749018,12.48123526,6.675824176,0.7680491551,1.162790698,12.50320924,8.278086364,10.06912012,2.706527508,3.669892277,3.945578231,3.676064124,0,0,0,1.468405842,4.220918586,9.0289845,10.48812665,10.22761083,11.48639315,12.24612106,13.14672327,13.97643384,12.24706429,12.36268851,12.76286743,11.75702866,14.01879742,12.85691066
Algeria,DZA,Electricity production from coal sources (% of total),EG.ELC.COAL.ZS,0,0,0,0,0,0,0,0,0,0,0,0,0,0,0,0,0,0,0,0,0,0,0,0,0,0,0,0,0,0,0,0,0,0,0,0,0,0,0,0,0,0,0,0,0
East Asia & Pacific (excluding high income),EAP,Electricity production from coal sources (% of total),EG.ELC.COAL.ZS,58.81598702,53.4715744,48.70325222,47.72917722,47.79083608,43.41327579,48.38218037,51.51879504,48.4945324,45.38912229,44.96107474,46.12239294,46.3193334,49.06894427,54.83536073,57.81891897,59.22624579,59.22980878,59.93592687,60.96288008,63.0085706,64.21943106,62.534816,63.33038895,62.02110258,63.86252974,64.11231387,63.69319513,65.73039809,66.89810575,65.78208981,67.20337739,69.51043662,69.00122587,70.48968346,72.25631108,73.50708706,71.50193055,71.23856454,70.61955758,72.91158619,70.22232315,70.18523894,67.8098105,66.06102629
Early-demographic dividend,EAR,Electricity production from coal sources (% of total),EG.ELC.COAL.ZS,31.35016349,31.22815576,30.23985191,30.73189651,30.28187008,30.32535652,28.85359506,27.73195657,27.12359612,27.40798565,28.52248134,29.32501266,29.65329079,30.36233056,31.82710715,32.15355683,32.64653703,31.28205961,32.17884071,31.99401256,32.33630486,32.3248209,32.95787551,32.73039707,33.22702343,33.94133711,33.72215207,32.82264314,32.93857368,33.18008664,33.65015419,33.55042208,32.95477906,32.50168023,32.25080335,32.31898605,32.34327379,31.95226874,31.9987524,32.18658149,32.80033758,34.37531306,34.67836124,35.86409103,36.43981979
East Asia & Pacific,EAS,Electricity production from coal sources (% of total),EG.ELC.COAL.ZS,28.67694767,25.85688826,24.01619181,24.00186054,24.77167917,22.91024154,25.12280115,25.81996088,25.35667366,26.06129247,26.49062179,27.80936063,29.16304329,31.98517433,35.25143592,37.02288891,38.0433774,38.30657569,38.49268118,37.82049477,39.17465624,41.02353378,41.88856338,42.72711515,42.91851285,44.60447948,45.27699884,45.89993263,47.49263594,49.37774525,50.52603453,51.92463754,54.78212738,55.16749598,56.98095923,58.77960505,60.55239656,59.97198041,60.68459662,60.10899989,62.53967721,61.5703685,62.01227527,60.43218529,59.36705773
Europe & Central Asia (excluding high income),ECA,Electricity production from coal sources (% of total),EG.ELC.COAL.ZS,,,,,,,,,,,,,,,,,,,,23.15814812,22.91095423,23.59785812,22.94881158,24.79934528,24.43308492,23.56487409,23.83658415,24.04070243,23.3306443,24.00484188,23.96610238,23.44433719,23.4430914,21.99082705,22.50190949,23.49358059,23.8503344,25.70812028,24.08702662,23.53193424,24.51129062,24.2663767,24.03168412,23.44706503,23.07435242
Europe & Central Asia,ECS,Electricity production from coal sources (% of total),EG.ELC.COAL.ZS,26.73632797,24.7050682,24.60683613,23.5226378,23.85193439,25.04913006,24.54780956,24.70551149,24.86042833,25.78159415,25.07130549,25.84071139,25.69057255,23.42665621,24.09122653,24.22932777,23.74571774,22.9191965,23.1077234,31.44351551,31.24094638,30.80305187,29.6862648,30.28527845,29.87699513,29.30980868,28.11475072,28.0361777,26.85916236,27.68840251,27.31571243,27.31380626,27.88565341,26.58583262,26.08197017,26.58688956,26.4644028,25.39536804,24.07720633,23.46570342,24.43776339,25.28524087,24.94024208,23.78920259,23.20447433
Ecuador,ECU,Electricity production from coal sources (% of total),EG.ELC.COAL.ZS,0,0,0,0,0,0,0,0,0,0,0,0,0,0,0,0,0,0,0,0,0,0,0,0,0,0,0,0,0,0,0,0,0,0,0,0,0,0,0,0,0,0,0,0,0
"Egypt, Arab Rep.",EGY,Electricity production from coal sources (% of total),EG.ELC.COAL.ZS,0,0,0,0,0,0,0,0,0,0,0,0,0,0,0,0,0,0,0,0,0,0,0,0,0,0,0,0,0,0,0,0,0,0,0,0,0,0,0,0,0,0,0,0,0
Euro area,EMU,Electricity production from coal sources (% of total),EG.ELC.COAL.ZS,40.32671051,37.23959848,34.85298127,34.14913426,32.90013398,36.0509665,34.74579511,34.98153511,34.97078066,35.89801025,35.96590315,37.83293059,37.93954072,36.72184672,35.1870029,33.92222175,32.96346439,32.12029103,32.87250693,32.7112945,31.65377658,30.60811843,29.40206876,29.24839917,29.24033328,28.17388402,27.43726624,27.67885573,26.80191683,27.31094844,26.2218057,26.98888385,26.79215281,26.06394662,25.10926166,24.19949035,24.66025007,21.86197314,20.98535768,20.07491102,21.1006982,22.66295393,22.3768786,21.79711449,22.05536149
Eritrea,ERI,Electricity production from coal sources (% of total),EG.ELC.COAL.ZS,,,,,,,,,,,,,,,,,,,,,,0,0,0,0,0,0,0,0,0,0,0,0,0,0,0,0,0,0,0,0,0,0,0,0
Spain,ESP,Electricity production from coal sources (% of total),EG.ELC.COAL.ZS,21.73743606,23.04203784,18.86862279,16.15715071,20.71670443,17.86542663,19.75207414,20.74820934,22.20948779,30.00750737,34.55034729,39.42170458,42.66757961,41.84884765,44.11345598,43.23002776,41.82088292,31.67537378,41.12703804,40.1194397,38.58829459,41.56987875,40.77998443,38.91374874,40.50762096,31.53462348,33.82342834,32.66215769,36.64841598,36.60041372,30.77827406,34.36896927,29.51852413,29.03394879,27.90409231,22.99801747,24.54454196,16.0696255,12.65567772,8.823746313,15.47886517,19.04831565,14.68564018,16.47396426,18.96238913
Estonia,EST,Electricity production from coal sources (% of total),EG.ELC.COAL.ZS,,,,,,,,,,,,,,,,,,,,0.4365287236,0.4102003145,0.6085707041,0.5593945377,0.743006993,0.3681122742,0.3844886301,0.8353221957,1.114892618,1.124818578,1.891225185,2.110102558,3.18986748,2.510089576,1.921583851,2.116609505,2.507192766,2.01804758,2.636801815,4.533545962,3.154890466,3.358411541,4.228294476,2.237288136,4.153945043,5.327829509
Ethiopia,ETH,Electricity production from coal sources (% of total),EG.ELC.COAL.ZS,0,0,0,0,0,0,0,0,0,0,0,0,0,0,0,0,0,0,0,0,0,0,0,0,0,0,0,0,0,0,0,0,0,0,0,0,0,0,0,0,0,0,0,0,0
European Union,EUU,Electricity production from coal sources (% of total),EG.ELC.COAL.ZS,42.62498066,40.33388806,38.80476139,38.27753869,37.67234143,39.6494732,38.67627479,38.9347652,38.9722024,40.24714595,39.02474167,41.17184236,41.21461744,40.12889168,39.03994667,38.07409716,37.10244034,36.25779556,36.69387027,36.47772376,35.74515382,34.79782007,33.85021942,33.77028977,33.50384338,33.0621771,31.97033125,31.70138885,30.81466014,31.61652011,30.48931197,31.01839996,31.43685022,30.16346661,29.11417632,28.88737639,29.24049238,26.64408158,25.82987165,24.84394883,26.00954895,26.58530607,26.31192761,25.59534285,25.64397339
Fragile and conflict affected situations,FCS,Electricity production from coal sources (% of total),EG.ELC.COAL.ZS,2.758733793,1.622607686,3.167846782,1.262330178,1.4089566,1.224136084,0.7050257915,0.8749899901,0.7269614269,0.5941565766,0.4586609953,0.5207960084,0.6088502972,0.8256969881,1.337218997,1.812382985,3.096541045,2.976798629,2.84846074,2.607376979,2.967329842,2.485728342,2.622564912,2.551812258,2.497808267,2.247567245,2.19024329,1.864628394,1.612119382,2.510824322,3.076457824,3.066232349,2.598479716,2.679736,2.795446868,2.185070207,2.153329022,2.015176946,1.883817255,2.091019286,2.498975122,2.47444485,2.612743217,2.206837992,2.412971872
Finland,FIN,Electricity production from coal sources (% of total),EG.ELC.COAL.ZS,27.95074028,30.04934563,28.07064593,30.98331584,31.66099882,39.70603316,32.37657865,44.74700549,39.44397727,42.63381353,21.74827055,20.86703097,21.51574756,24.65829046,31.28972564,29.94154183,30.62432119,31.02565054,30.88243492,18.46001067,17.62494395,14.10827198,17.11717612,22.26539288,18.19473725,22.36028426,19.03984041,12.24934798,13.85173561,13.10735109,15.11559219,17.80401574,23.64751085,19.96039373,10.18248279,20.75760521,18.01957044,11.88397562,16.08874828,18.75573295,14.02021741,10.78382639,15.71775405,12.35938556,8.303570127
Fiji,FJI,Electricity production from coal sources (% of total),EG.ELC.COAL.ZS,,,,,,,,,,,,,,,,,,,,,,,,,,,,,,,,,,,,,,,,,,,,,
France,FRA,Electricity production from coal sources (% of total),EG.ELC.COAL.ZS,29.36945377,22.56762519,19.65722051,19.00164306,20.28398113,28.36580733,27.18365407,28.47818877,29.78055383,27.35165638,21.43525741,23.9679245,20.45273718,16.31660019,13.27235998,9.635219498,8.312834381,7.488365895,9.101339664,8.490672317,9.566619133,8.202412551,5.269624021,5.08709568,5.406340785,6.081781758,5.162533061,7.355509733,6.352580496,5.766241143,4.38320441,4.875277713,5.212073289,4.788908231,5.375431102,4.636901333,5.00157868,4.647311367,4.526224742,4.663423625,3.111210964,3.701124426,4.290238174,2.157028986,2.160448913
Faroe Islands,FRO,Electricity production from coal sources (% of total),EG.ELC.COAL.ZS,,,,,,,,,,,,,,,,,,,,,,,,,,,,,,,,,,,,,,,,,,,,,
"Micronesia, Fed. Sts.",FSM,Electricity production from coal sources (% of total),EG.ELC.COAL.ZS,,,,,,,,,,,,,,,,,,,,,,,,,,,,,,,,,,,,,,,,,,,,,
Gabon,GAB,Electricity production from coal sources (% of total),EG.ELC.COAL.ZS,0,0,0,0,0,0,0,0,0,0,0,0,0,0,0,0,0,0,0,0,0,0,0,0,0,0,0,0,0,0,0,0,0,0,0,0,0,0,0,0,0,0,0,0,0
United Kingdom,GBR,Electricity production from coal sources (% of total),EG.ELC.COAL.ZS,63.93711193,55.27368353,62.06069266,54.63652983,62.58281325,65.33989153,64.78081851,65.69038825,67.93316479,73.18452077,74.77204307,71.89630295,70.65613807,45.66684261,60.50848435,67.65579329,70.10548859,66.88523414,64.53729911,64.96766377,65.80260898,60.63579942,53.23737429,49.63971891,46.68004054,42.15961044,34.93126754,34.64643471,29.66214921,32.66777963,34.79579881,32.67879198,35.3614994,34.05967113,34.47825889,38.24822713,34.98756906,32.68196346,27.99654757,28.74592447,30.06295807,40.05150157,37.04979,30.31169753,22.80649074
Georgia,GEO,Electricity production from coal sources (% of total),EG.ELC.COAL.ZS,,,,,,,,,,,,,,,,,,,,0,0,0,0,0,0,0,0,0,0,0,0,0,0,0,0,0,0,0,0,0,0,0,0,0,0
Ghana,GHA,Electricity production from coal sources (% of total),EG.ELC.COAL.ZS,0,0,0,0,0,0,0,0,0,0,0,0,0,0,0,0,0,0,0,0,0,0,0,0,0,0,0,0,0,0,0,0,0,0,0,0,0,0,0,0,0,0,0,0,0
Gibraltar,GIB,Electricity production from coal sources (% of total),EG.ELC.COAL.ZS,0,0,0,0,0,0,0,0,0,0,0,0,0,0,0,0,0,0,0,0,0,0,0,0,0,0,0,0,0,0,0,0,0,0,0,0,0,0,0,0,0,0,0,0,0
Guinea,GIN,Electricity production from coal sources (% of total),EG.ELC.COAL.ZS,,,,,,,,,,,,,,,,,,,,,,,,,,,,,,,,,,,,,,,,,,,,,
"Gambia, The",GMB,Electricity production from coal sources (% of total),EG.ELC.COAL.ZS,,,,,,,,,,,,,,,,,,,,,,,,,,,,,,,,,,,,,,,,,,,,,
Guinea-Bissau,GNB,Electricity production from coal sources (% of total),EG.ELC.COAL.ZS,,,,,,,,,,,,,,,,,,,,,,,,,,,,,,,,,,,,,,,,,,,,,
Equatorial Guinea,GNQ,Electricity production from coal sources (% of total),EG.ELC.COAL.ZS,,,,,,,,,,,,,,,,,,,,,,,,,,,,,,,,,,,,,,,,,,,,,
Greece,GRC,Electricity production from coal sources (% of total),EG.ELC.COAL.ZS,43.18457014,37.48952062,35.45252075,38.06924101,46.38957816,55.52877879,58.0300237,48.38954869,46.94597774,44.84615724,52.87906639,54.34427638,61.89384147,60.72810837,64.07714492,66.88237804,68.82270824,73.53597491,73.60128617,72.36808052,66.31228492,71.48959033,72.88197813,73.24731928,69.48594397,69.08113461,70.74979211,70.25119099,65.55521814,64.22648573,66.75521893,64.07637408,60.73741473,60.15676806,59.80951419,53.61338673,55.29492434,53.02009156,55.95966871,53.68417383,52.49611303,51.20699018,46.23384809,51.14117156,42.65948825
Grenada,GRD,Electricity production from coal sources (% of total),EG.ELC.COAL.ZS,,,,,,,,,,,,,,,,,,,,,,,,,,,,,,,,,,,,,,,,,,,,,
Greenland,GRL,Electricity production from coal sources (% of total),EG.ELC.COAL.ZS,,,,,,,,,,,,,,,,,,,,,,,,,,,,,,,,,,,,,,,,,,,,,
Guatemala,GTM,Electricity production from coal sources (% of total),EG.ELC.COAL.ZS,0,0,0,0,0,0,0,0,0,0,0,0,0,0,0,0,0,0,0,0,0,0,0,0,0,0,0,0,0.73316612,8.912037037,8.570940755,15.79712486,13.70522441,14.51046678,13.23145732,13.50722508,12.89401553,13.06492315,8.102133304,13.15641516,12.96155103,13.15342116,15.78629032,17.28797763,21.36010128
Guam,GUM,Electricity production from coal sources (% of total),EG.ELC.COAL.ZS,,,,,,,,,,,,,,,,,,,,,,,,,,,,,,,,,,,,,,,,,,,,,
Guyana,GUY,Electricity production from coal sources (% of total),EG.ELC.COAL.ZS,,,,,,,,,,,,,,,,,,,,,,,,,,,,,,,,,,,,,,,,,,,,,
High income,HIC,Electricity production from coal sources (% of total),EG.ELC.COAL.ZS,38.85273819,37.07209789,37.26398552,35.6765359,36.02694076,37.53642409,37.30193648,36.23502904,37.70631219,40.09504628,40.27828281,41.13544393,41.71768254,41.12391,41.95010428,41.35467464,41.63009494,41.40912408,40.34818939,39.44135034,39.08457905,38.84857236,38.5603223,37.98523456,37.53830256,38.0513119,38.00040856,37.92835782,37.30777342,38.28077761,37.68701181,37.56454755,38.27961726,37.36502258,37.09990795,36.76048325,36.43764243,35.57484333,33.77538248,33.44675009,32.6381826,31.37304298,31.70022431,31.00464191,28.5835646
"Hong Kong SAR, China",HKG,Electricity production from coal sources (% of total),EG.ELC.COAL.ZS,0,0,0,0,0,0,0,0,0,0,0,22.0320265,53.66490557,69.38274361,77.90951638,84.85471363,95.10233302,98.23536332,97.05785607,98.20651047,96.44417895,95.79453978,94.98470097,97.9994765,97.34202608,81.87891147,59.51286923,65.00938982,56.10210862,60.44492675,61.38690183,63.73783295,77.66481737,68.91899171,70.29726145,68.83755859,73.22602177,68.10549034,70.750284,61.97410582,71.03661655,70.3017197,74.82251392,76.17579994,65.44044176
Honduras,HND,Electricity production from coal sources (% of total),EG.ELC.COAL.ZS,0,0,0,0,0,0,0,0,0,0,0,0,0,0,0,0,0,0,0,0,0,0,0,0,0,0,0,0,0,0,0,0,0,0,0,0,0,0,0,0,1.319743891,1.201550388,1.15184543,0.5100771336,1.03736754
Heavily indebted poor countries (HIPC),HPC,Electricity production from coal sources (% of total),EG.ELC.COAL.ZS,1.308332628,0.8837863779,0.9267188684,0.7456086147,0.7683045017,0.3977809096,0.3373956373,0.267328627,0.119558254,0.3684322581,0.342569113,0.2820541412,0.3596724925,0.3390309264,0.3421928719,0.2388118078,0.2687817,0.2936887265,0.2975075381,0.2089805188,0.2394361253,0.1830597035,0.1716920827,0.1639330304,0.159214916,0.148392164,0.1100801126,0.1082692401,0.09960117108,0.2822724107,0.2886333233,0.3098540675,0.2862718756,0.2819930894,0.2222994932,0.1805714561,0.1718023478,0.1712370214,0.1572742338,0.1591518632,0.2617672523,0.2461731625,0.2193795715,0.1774626217,0.1864401357
Croatia,HRV,Electricity production from coal sources (% of total),EG.ELC.COAL.ZS,,,,,,,,,,,,,,,,,,,,7.426616641,4.719829997,7.863401483,4.841070682,1.151259546,2.608883139,1.074017721,4.991696786,4.697049066,3.976265701,13.7707538,12.82593376,16.59976387,18.22316555,15.39181118,17.82951673,17.46498491,19.31446792,19.52116423,12.40089753,16.11922141,22.96335824,21.12715944,17.35857174,17.62429294,20.55525894
Haiti,HTI,Electricity production from coal sources (% of total),EG.ELC.COAL.ZS,0,0,0,0,0,0,0,0,0,0,0,0,0,0,0,0,0,0,0,0,0,0,0,0,0,0,0,0,0,0,0,0,0,0,0,0,0,0,0,0,0,0,0,0,0
Hungary,HUN,Electricity production from coal sources (% of total),EG.ELC.COAL.ZS,65.35280779,65.93763401,66.01485008,62.28074796,56.47713951,54.44444444,52.00837535,47.51595349,49.23528692,50.43558385,50.3909465,51.21695257,45.80457542,45.05569707,35.82997462,35.82169327,33.34902014,31.42339137,29.27216795,30.48600366,27.173514,29.2756825,27.85963846,26.42995674,27.13269446,27.72014819,26.87233381,26.06076902,27.24148869,27.58375721,24.50363861,25.06568576,27.10206472,24.73893438,19.98545699,19.77746173,18.73623624,18.00124922,17.8650997,16.99178507,18.34864932,18.74404504,21.0734799,20.80157866,19.47135983
IBRD only,IBD,Electricity production from coal sources (% of total),EG.ELC.COAL.ZS,27.16559018,26.29534554,25.13518344,24.90478895,24.88543797,23.6324818,23.78904574,23.99247263,23.20268664,22.55022758,22.02894838,22.3774339,22.40588625,23.05373001,24.59574026,25.24939504,25.95155044,25.63025126,26.16455948,35.9709072,36.70647309,38.23002872,38.63437182,40.27943732,40.71619686,41.51107971,41.63343948,41.15603048,41.82200002,42.71665653,43.05209189,44.01382151,45.54463709,45.58600067,46.89734325,48.66645762,50.0692029,49.64458456,49.93584685,50.1098913,52.16089027,51.51706783,52.19650593,51.33221845,50.76091902
IDA & IBRD total,IBT,Electricity production from coal sources (% of total),EG.ELC.COAL.ZS,25.79202154,24.86183126,23.82125925,23.46936124,23.46206089,22.26544199,22.38976972,22.65726617,21.85802245,21.29097267,20.77611895,21.09460862,21.16929228,21.83615713,23.28185806,23.92112302,24.65444685,24.30024856,24.7932654,34.11323348,34.8192361,36.17467991,36.60810005,38.14890643,38.51667929,39.28705415,39.42364537,38.95542579,39.54094282,40.45631159,40.76904717,41.66964502,43.17726816,43.21497057,44.50026165,46.21346101,47.6807682,47.35570345,47.60991541,47.83350628,49.8830582,49.31618402,50.01310306,49.18521905,48.66122394
IDA total,IDA,Electricity production from coal sources (% of total),EG.ELC.COAL.ZS,2.561147475,1.554488004,2.630695861,1.214436609,1.290311776,1.039311603,0.6801273564,0.7784866917,0.6384775032,0.5731764905,0.449322485,0.4653931085,0.608401632,0.8227082272,1.266949573,1.658181008,2.791261023,2.596079934,2.40510466,4.6922195,4.820181063,3.517809446,3.870931449,3.967271895,3.124876298,3.017233476,3.006549492,2.771706302,2.322029726,3.065114783,3.523273486,3.47089536,2.944008379,2.974749264,3.271817112,2.760827202,2.865697624,2.843307,2.45370071,2.58943265,2.943951143,2.920866814,3.170685047,2.996711781,3.449915508
IDA blend,IDB,Electricity production from coal sources (% of total),EG.ELC.COAL.ZS,4.445855007,2.720244899,5.015210284,2.177730155,2.227104868,1.992325519,1.264928924,1.503999873,1.262747317,0.9856227913,0.729790895,0.8058738169,1.043903678,1.484445466,2.407100012,3.223157893,5.313167475,4.819111403,4.44347563,7.203556753,7.575265622,5.684510087,6.480278848,6.953962435,5.42217068,5.232058741,5.153101709,4.806744321,4.343805849,3.933387261,4.534805853,4.135211087,3.242419305,3.447720633,3.409459131,2.394021916,2.201573462,2.082499037,2.034782208,2.448559012,2.949349128,2.78200059,3.047020298,2.984652032,2.983823012
Indonesia,IDN,Electricity production from coal sources (% of total),EG.ELC.COAL.ZS,0,0,0,0,0,0,0,0,0,0,0,0,0,0,2.404596397,24.02727226,27.58215452,27.20923773,29.76980805,29.9017357,29.58221746,27.3697396,23.52643172,24.93282449,24.27145102,25.15799421,27.89338979,30.97209052,34.17913054,36.43396732,37.24593596,39.66936803,41.12362136,40.12133519,40.61272338,44.05885536,44.8938101,41.11273321,42.02865271,40.31987276,44.21073292,51.0753387,51.50078696,52.45484386,55.77646335
IDA only,IDX,Electricity production from coal sources (% of total),EG.ELC.COAL.ZS,0.8674827489,0.6106078856,0.6030569484,0.4820481144,0.5111070924,0.2622350961,0.2286628795,0.1903193505,0.1024680085,0.2427084375,0.2215967067,0.1856825708,0.2204347488,0.1986856721,0.2107546532,0.1683710607,0.1673631279,0.1675275475,0.1648701929,1.929344525,1.818485398,1.028063559,0.9218813956,0.6416554298,0.6057653016,0.68614805,0.7166950162,0.6708739883,0.3927437903,2.251561437,2.577396633,2.823991796,2.643521391,2.515519172,3.111919122,3.036416552,3.345863537,3.365787667,2.706384121,2.628157618,2.863098684,2.941409756,3.186328155,2.933610222,3.720611231
Isle of Man,IMN,Electricity production from coal sources (% of total),EG.ELC.COAL.ZS,,,,,,,,,,,,,,,,,,,,,,,,,,,,,,,,,,,,,,,,,,,,,
India,IND,Electricity production from coal sources (% of total),EG.ELC.COAL.ZS,49.09164859,52.0151455,49.39282378,53.51861029,51.33486954,54.14840768,52.99409672,48.32060583,49.87635281,51.04435715,53.45953299,56.81924202,57.27730429,58.1204438,62.35772707,63.68650445,68.86419152,67.40176817,68.05104886,65.46363226,67.06780765,68.03823466,70.053347,67.70731782,69.93626965,70.47678379,68.93212716,66.79569867,66.95787603,68.49942425,69.41705728,69.89346472,67.83142323,67.69168015,66.85963647,66.68824892,65.48205784,68.44469591,66.96802144,67.17829809,66.75997826,71.63605506,72.52273811,74.49218587,75.30939896
Not classified,INX,Electricity production from coal sources (% of total),EG.ELC.COAL.ZS,,,,,,,,,,,,,,,,,,,,,,,,,,,,,,,,,,,,,,,,,,,,,
Ireland,IRL,Electricity production from coal sources (% of total),EG.ELC.COAL.ZS,29.7430203,25.96893598,24.91834513,24.08596514,25.28919027,27.34713529,24.9750582,21.12792868,17.11466165,16.40166572,15.41456928,16.88509022,17.89688427,20.22961908,21.49731709,26.35085724,55.0083142,58.35595192,58.76311512,41.59111673,39.20294709,42.19264892,40.98086569,39.71951509,39.86593956,36.95560254,34.47102443,32.28278571,26.79531358,28.79651924,28.67002273,27.45642636,24.95072604,24.70354947,24.93170998,21.69936569,19.74719,17.20275512,14.32505902,12.61712095,14.52289795,18.51074021,16.74682307,15.33245505,17.34581302
"Iran, Islamic Rep.",IRN,Electricity production from coal sources (% of total),EG.ELC.COAL.ZS,0.2714373843,0.3559091385,0.4713470603,0.4426990361,0.7643312102,0.6816475074,0.6321112516,0.3678137754,0.4838194349,0.4959785523,0.3693889023,0.4299078278,0.3574782635,0.2459419577,0.2243753187,0.209280508,0.1839946317,0.1848739496,0.1214144787,0.1099793577,0.146586408,0.1208573592,0.125977639,0.116026283,0.1070827597,0.1012468773,0.09819465044,0.1082502126,0.3702322608,0.398783874,0.3625776815,0.3658380954,0.3067365055,0.2851699637,0.3206280041,0.2927102687,0.2818820899,0.1817927563,0.16985138,0.1515288098,0.1770449736,0.1573093804,0.174901118,0.193001686,0.1646278235
Iraq,IRQ,Electricity production from coal sources (% of total),EG.ELC.COAL.ZS,0,0,0,0,0,0,0,0,0,0,0,0,0,0,0,0,0,0,0,0,0,0,0,0,0,0,0,0,0,0,0,0,0,0,0,0,0,0,0,0,0,0,0,0,0
Iceland,ISL,Electricity production from coal sources (% of total),EG.ELC.COAL.ZS,0,0,0,0,0,0,0,0,0,0,0,0,0,0,0,0,0,0,0,0,0,0,0,0,0,0,0,0,0,0,0,0,0,0,0,0,0,0,0,0,0,0,0,0,0
Israel,ISR,Electricity production from coal sources (% of total),EG.ELC.COAL.ZS,0,0,0,0,0,0,0,0,0,0,0,18.1438311,32.866597,49.97613365,54.41290824,55.50081078,51.34921084,46.70835056,47.63604361,49.67939516,52.91438133,57.79510022,61.7105516,60.22375457,62.08381265,68.92809935,70.76638177,69.73521275,66.89787071,68.49112773,74.92207231,77.15384615,76.72030782,77.1759132,74.40228797,70.63174967,69.30584474,62.01536788,62.45091623,58.44412964,58.89173746,61.45580369,52.32216823,49.49106277,45.40373058
Italy,ITA,Electricity production from coal sources (% of total),EG.ELC.COAL.ZS,4.736120077,3.47364333,3.600016676,4.491903851,4.10624374,5.02463176,5.430473211,5.936379023,8.381052408,9.946913459,11.34705008,13.25607999,13.4129888,15.41394821,16.47470053,16.41335133,16.65977447,16.89022871,15.47401202,16.77809211,14.72792276,11.22972318,9.190197729,10.03060243,11.61422962,10.5777826,10.04729763,10.97041257,10.88696457,11.30765612,13.52549155,14.58138161,15.41054499,17.20113464,16.64836275,16.39241967,16.13609671,15.49818676,15.05748522,14.87216047,16.67697773,18.20059334,16.8431692,16.72827166,16.12007302
Jamaica,JAM,Electricity production from coal sources (% of total),EG.ELC.COAL.ZS,0,0,0,0,0,0,0,0,0,0,0,0,0,0,0,0,0,0,0,0,0,0,0,0,0,0,0,0,0,0,0,0,0,0,0,0,0,0,0,0,0,0,0,0,0
Jordan,JOR,Electricity production from coal sources (% of total),EG.ELC.COAL.ZS,0,0,0,0,0,0,0,0,0,0,0,0,0,0,0,0,0,0,0,0,0,0,0,0,0,0,0,0,0,0,0,0,0,0,0,0,0,0,0,0,0,0,0,0,0
Japan,JPN,Electricity production from coal sources (% of total),EG.ELC.COAL.ZS,11.85688169,9.772140005,8.014834965,8.700894577,8.943750977,8.63327232,8.930787671,8.497737427,8.600984043,9.595113627,10.82036824,11.62594995,12.71077748,14.08855709,14.89397113,14.6129363,15.08223576,14.84411236,14.81154362,13.48977775,13.82580908,14.37217105,15.30658579,15.8526524,16.75346588,17.37245932,18.15523714,18.24118199,19.91332871,21.48421273,23.38478021,24.61992605,26.3775463,26.45867982,27.22636172,26.58656402,27.34596561,27.23000261,27.17272777,27.15514217,27.09995318,29.72207921,32.92587052,32.74193411,33.15273563
Kazakhstan,KAZ,Electricity production from coal sources (% of total),EG.ELC.COAL.ZS,,,,,,,,,,,,,,,,,,,,71.12006317,72.72748418,72.30867825,71.43226073,70.93693992,72.03012256,72.20942444,72.02884615,72.02563842,72.04724409,69.45093913,70.88133387,68.82006102,71.75492437,75.52169692,73.85293381,68.81811965,73.40661636,76.66289044,73.80256638,80.65363115,81.09856097,74.79341069,75.1944978,71.94769102,71.56892212
Kenya,KEN,Electricity production from coal sources (% of total),EG.ELC.COAL.ZS,0,0,0,0,0,0,0,0,0,0,0,0,0,0,0,0,0,0,0,0,0,0,0,0,0,0,0,0,0,0,0,0,0,0,0,0,0,0,0,0,0,0,0,0,0
Kyrgyz Republic,KGZ,Electricity production from coal sources (% of total),EG.ELC.COAL.ZS,,,,,,,,,,,,,,,,,,,,13.06890414,12.44752576,7.810573646,8.495590675,5.218919538,4.746237312,5.257804056,6.293314666,7.041348856,3.827378847,4.293081508,4.529157825,4.764301292,3.630268882,3.460801796,10.10006044,10.32155891,10.75522589,11.3241157,3.482811513,4.991735537,4.189207019,4.799578059,5.609877953,7.363436728,13.21565618
Cambodia,KHM,Electricity production from coal sources (% of total),EG.ELC.COAL.ZS,,,,,,,,,,,,,,,,,,,,,,,,,0,0,0,0,0,0,0,0,0,0,0,0,0,0,2.211690363,3.1,3.20754717,2.580195258,9.505061867,28.18419334,48.39663407
Kiribati,KIR,Electricity production from coal sources (% of total),EG.ELC.COAL.ZS,,,,,,,,,,,,,,,,,,,,,,,,,,,,,,,,,,,,,,,,,,,,,
St. Kitts and Nevis,KNA,Electricity production from coal sources (% of total),EG.ELC.COAL.ZS,,,,,,,,,,,,,,,,,,,,,,,,,,,,,,,,,,,,,,,,,,,,,
"Korea, Rep.",KOR,Electricity production from coal sources (% of total),EG.ELC.COAL.ZS,6.869070209,6.858687389,9.045531197,4.413424413,6.520874751,6.380585716,5.228119006,2.94827039,3.516853933,6.662370096,6.29243664,6.057232967,8.779938588,24.87176628,30.40839899,27.26347915,20.02421174,22.12147825,18.86653503,16.76077858,14.42761909,13.88862094,21.8764638,25.93716773,27.22329261,28.33098887,31.1979434,37.17423601,35.87964142,38.60830566,39.92631099,40.58107239,39.10999997,38.80478544,38.3606532,38.01277749,40.0802996,43.19564081,46.24199648,44.14496757,43.17213822,45.0802829,41.42883967,42.40967563,43.0762564
Kuwait,KWT,Electricity production from coal sources (% of total),EG.ELC.COAL.ZS,0,0,0,0,0,0,0,0,0,0,0,0,0,0,0,0,0,0,0,0,0,0,0,0,0,0,0,0,0,0,0,0,0,0,0,0,0,0,0,0,0,0,0,0,0
Latin America & Caribbean (excluding high income),LAC,Electricity production from coal sources (% of total),EG.ELC.COAL.ZS,2.865963172,2.767591313,2.236471384,2.110837493,1.978131564,1.82070897,1.743975949,2.130829433,1.87230818,1.918759784,2.260737729,2.535777041,2.500291603,2.881842528,3.198985282,3.785719018,3.76713813,3.721102277,3.55014853,3.317960287,3.721598382,3.736973938,3.886346982,4.106995602,4.204729689,4.196406027,4.276782606,3.96641209,4.100500543,4.176191947,4.764351876,4.820199824,5.190398263,4.417341816,5.275970071,5.017339255,4.871930066,3.854011001,4.416779025,4.672472606,4.554968014,4.772638582,5.281964183,5.717815442,5.814042908
Lao PDR,LAO,Electricity production from coal sources (% of total),EG.ELC.COAL.ZS,,,,,,,,,,,,,,,,,,,,,,,,,,,,,,,,,,,,,,,,,,,,,
Lebanon,LBN,Electricity production from coal sources (% of total),EG.ELC.COAL.ZS,0,0,0,0,0,0,0,0,0,0,0,0,0,0,0,0,0,0,0,0,0,0,0,0,0,0,0,0,0,0,0,0,0,0,0,0,0,0,0,0,0,0,0,0,0
Liberia,LBR,Electricity production from coal sources (% of total),EG.ELC.COAL.ZS,,,,,,,,,,,,,,,,,,,,,,,,,,,,,,,,,,,,,,,,,,,,,
Libya,LBY,Electricity production from coal sources (% of total),EG.ELC.COAL.ZS,0,0,0,0,0,0,0,0,0,0,0,0,0,0,0,0,0,0,0,0,0,0,0,0,0,0,0,0,0,0,0,0,0,0,0,0,0,0,0,0,0,0,0,0,0
St. Lucia,LCA,Electricity production from coal sources (% of total),EG.ELC.COAL.ZS,,,,,,,,,,,,,,,,,,,,,,,,,,,,,,,,,,,,,,,,,,,,,
Latin America & Caribbean,LCN,Electricity production from coal sources (% of total),EG.ELC.COAL.ZS,3.176125129,2.745782452,2.469642987,2.247570266,2.007050866,1.922805043,1.850004853,2.190719004,2.04485014,2.103360089,2.367274555,2.381286171,2.373046263,2.839908898,3.014340066,3.457520358,3.410871417,3.609357003,3.870667828,3.828728389,3.754786727,3.468976123,3.623102834,4.048736127,4.325926761,4.660167033,4.652723333,4.550436791,4.788425056,4.351034514,4.432802715,4.491592796,4.782214397,4.36559804,4.994075192,5.037742775,5.075149992,4.263513999,4.781388018,5.124961275,5.188198056,5.709719448,6.409441557,6.467101185,6.684506879
Least developed countries: UN classification,LDC,Electricity production from coal sources (% of total),EG.ELC.COAL.ZS,2.112276489,1.445648647,1.430854163,1.099473727,1.165481454,0.6201299982,0.5351160337,0.4494120529,0.2511911774,0.6082715679,0.563442194,0.4742953158,0.5370638214,0.4687391401,0.5125465765,0.4223080557,0.431780954,0.4430007618,0.4431306181,0.3369052523,0.3804550644,0.215638741,0.2000717551,0.1872209238,0.1690768404,0.1613002385,0.1200538808,0.1122112717,0.1025418122,0.2877739483,0.2925227715,1.043884905,0.9912195852,0.6635870582,0.8991286253,1.065656564,1.42816254,1.460732042,1.263487604,1.104700154,1.134769134,1.151287422,1.155711482,1.204896137,1.672032554
Low income,LIC,Electricity production from coal sources (% of total),EG.ELC.COAL.ZS,,,,,,,,,,,,,,,,,,,,,,,,,,,,,,,,,,,,,,,,,,,,,
Liechtenstein,LIE,Electricity production from coal sources (% of total),EG.ELC.COAL.ZS,,,,,,,,,,,,,,,,,,,,,,,,,,,,,,,,,,,,,,,,,,,,,
Sri Lanka,LKA,Electricity production from coal sources (% of total),EG.ELC.COAL.ZS,0,0,0,0,0,0,0,0,0,0,0,0,0,0,0,0,0,0,0,0,0,0,0,0,0,0,0,0,0,0,0,0,0,0,0,0,0,0,0,0,8.903757077,11.79732796,12.21824836,25.69617206,33.70505234
Lower middle income,LMC,Electricity production from coal sources (% of total),EG.ELC.COAL.ZS,16.66448032,17.20149839,15.92940464,16.45141312,16.08430087,17.10165255,16.38457281,15.24330465,14.81092407,14.87862402,15.57415744,16.38976503,16.49601387,17.3008874,19.36271619,20.59979374,22.33725641,22.0927918,22.46772551,33.58977759,34.36895071,35.10548593,35.05408573,34.48117888,35.4807774,34.93911452,34.9886355,34.58101056,35.3898526,36.23413366,36.69190949,36.58750023,35.58859807,34.59877395,34.53733735,35.57255222,35.63914604,36.45761166,36.37487613,36.5802979,37.4879606,40.16904459,41.16687588,42.50203026,43.80940725
Low & middle income,LMY,Electricity production from coal sources (% of total),EG.ELC.COAL.ZS,22.73063468,21.68005176,20.26690875,19.80036925,19.68629507,18.48993643,18.75630433,19.14790189,18.39405314,17.95023804,18.32347783,18.68735751,18.72219906,19.35864594,20.66103673,21.44219631,22.27084253,21.90838668,22.45496745,32.6250056,33.58703855,35.09401339,35.57440776,37.18705586,37.55452398,38.3726981,38.63921201,38.19485364,38.84082432,39.85851869,40.36912091,41.36612292,42.87222692,43.00110711,44.45097332,46.17977449,47.73664373,47.46280877,47.79445644,47.98730897,50.04887654,49.47749044,50.20699738,49.46368132,48.88610628
Lesotho,LSO,Electricity production from coal sources (% of total),EG.ELC.COAL.ZS,,,,,,,,,,,,,,,,,,,,,,,,,,,,,,,,,,,,,,,,,,,,,
Late-demographic dividend,LTE,Electricity production from coal sources (% of total),EG.ELC.COAL.ZS,25.29543948,23.98155721,22.992173,22.42933506,22.82004257,21.26298865,22.01170091,22.62370794,21.47589252,20.52880856,19.38741341,19.5521443,19.72768745,20.44240994,22.20280044,22.82793123,23.75620225,23.89575745,24.27859529,34.02407328,35.15572429,37.16989293,37.79780717,40.38470764,40.86957278,42.07985094,42.35681431,42.11415798,42.94814435,44.13521182,44.21823603,45.66866031,48.09712392,48.56694085,50.253089,52.32615368,53.97369329,53.3325861,53.5686695,53.53391732,56.05263273,54.29695752,55.0374927,53.34859346,52.2663844
Lithuania,LTU,Electricity production from coal sources (% of total),EG.ELC.COAL.ZS,,,,,,,,,,,,,,,,,,,,0,0,0,0,0,0,0,0,0,0,0,0,0,0,0,0,0,0,0,0,0,0,0,0,0,0
Luxembourg,LUX,Electricity production from coal sources (% of total),EG.ELC.COAL.ZS,63.16579145,55.99415205,58.82352941,57.48792271,46.67931689,33.94160584,33.09859155,37.0500439,38.97996357,51.63398693,57.69230769,56.82656827,58.72340426,67.28624535,72.25433526,65.47619048,60.20761246,62.33766234,70.25316456,76.44230769,74.89300999,71.51515152,74.96274218,66.72443674,38.80903491,30.22727273,20.68965517,0,0,0,0,0,0,0,0,0,0,0,0,0,0,0,0,0,0
Latvia,LVA,Electricity production from coal sources (% of total),EG.ELC.COAL.ZS,,,,,,,,,,,,,,,,,,,,0,0,0,0,0,0,0,0,0,0,0,0,0,0,0,0,0,0.02095996646,0.03792188093,0.03591309032,0.03017956843,0.03281916639,0.03243067942,0.01610565308,0,0
"Macao SAR, China",MAC,Electricity production from coal sources (% of total),EG.ELC.COAL.ZS,,,,,,,,,,,,,,,,,,,,,,,,,,,,,,,,,,,,,,,,,,,,,
St. Martin (French part),MAF,Electricity production from coal sources (% of total),EG.ELC.COAL.ZS,,,,,,,,,,,,,,,,,,,,,,,,,,,,,,,,,,,,,,,,,,,,,
Morocco,MAR,Electricity production from coal sources (% of total),EG.ELC.COAL.ZS,13.40611354,25.47819434,27.51304348,28.7809648,34.10829,31.99334627,29.00649026,27.73473108,18.79792746,19.47779684,20.87988827,18.22620016,20.40083757,18.19101286,15.57522124,27.07367336,34.34570679,29.18521817,21.91932624,22.97465725,19.72840847,17.16225949,25.580222,25.6146469,49.35494542,47.36800128,47.10512764,57.61875386,53.57115161,68.28111638,77.35610794,75.59566787,70.88309808,70.70883931,65.99792639,64.95167137,62.60742826,56.72178988,51.37384725,45.90233187,46.70479085,43.37296506,43.39200693,55.02678634,55.52563271
Monaco,MCO,Electricity production from coal sources (% of total),EG.ELC.COAL.ZS,,,,,,,,,,,,,,,,,,,,,,,,,,,,,,,,,,,,,,,,,,,,,
Moldova,MDA,Electricity production from coal sources (% of total),EG.ELC.COAL.ZS,,,,,,,,,,,,,,,,,,,,30.75026201,30.48245614,29.98610682,34.10872749,37.96267004,25.08852459,18.50340136,7.564718648,7.751937984,3.440860215,2.943275062,1.986312803,2.105989988,3.115056105,0,0,0,0,0,0,0,0,0,0,0,0
Madagascar,MDG,Electricity production from coal sources (% of total),EG.ELC.COAL.ZS,,,,,,,,,,,,,,,,,,,,,,,,,,,,,,,,,,,,,,,,,,,,,
Maldives,MDV,Electricity production from coal sources (% of total),EG.ELC.COAL.ZS,,,,,,,,,,,,,,,,,,,,,,,,,,,,,,,,,,,,,,,,,,,,,
Middle East & North Africa,MEA,Electricity production from coal sources (% of total),EG.ELC.COAL.ZS,0.7861330498,1.495177786,1.596442217,1.580663394,1.830186281,1.626614889,1.438152382,1.269845184,0.8332246674,0.8366785472,0.8422500634,2.128353008,3.224562993,3.987293052,4.149216971,4.430519968,4.385081552,4.078883526,3.939740027,4.006184508,4.123495568,4.499019012,4.730846796,4.73603543,5.530502966,5.945083151,6.158059266,6.217887242,5.783867836,6.207836589,6.847210834,6.726903679,6.511453396,6.282675053,5.820412809,5.431201491,5.232372836,4.608609564,4.258679968,3.9014855,3.93388215,4.016276431,3.403449182,3.338587238,3.203500253
Mexico,MEX,Electricity production from coal sources (% of total),EG.ELC.COAL.ZS,0.5154805245,0.6490104773,0.5579514825,0.5441147765,0.4439486386,0.378755997,0.3616601925,0,0,0,0.04510846536,1.596542075,2.960538369,3.602898884,4.142425448,6.523977186,7.008519067,7.31372085,6.703198675,6.711154467,7.165746286,7.164468931,8.492478238,9.67777015,10.13609374,11.71595082,10.94553205,10.21809724,9.685656102,9.234958065,10.79406322,11.92598329,12.9368335,10.00071554,13.05668985,12.32884151,11.93190386,7.898186139,10.96118079,11.71603088,11.14975673,11.11812725,10.74914404,11.23762836,10.86591802
Marshall Islands,MHL,Electricity production from coal sources (% of total),EG.ELC.COAL.ZS,,,,,,,,,,,,,,,,,,,,,,,,,,,,,,,,,,,,,,,,,,,,,
Middle income,MIC,Electricity production from coal sources (% of total),EG.ELC.COAL.ZS,23.00650897,22.00853474,20.46892659,20.02849654,19.82070574,18.61966,18.88227519,19.2640423,18.48013302,17.99284262,18.37700405,18.77059858,18.79553884,19.46518849,20.7870244,21.6076782,22.41432458,22.05607727,22.57173816,33.00476393,33.98219517,35.51301416,36.0299721,37.68593862,38.08815744,38.92061489,39.18263499,38.79746827,39.45194247,40.49071451,41.03269974,42.05153519,43.5623724,43.69596126,45.17993307,46.93404795,48.52221775,48.23373897,48.5799146,48.76863979,50.82412064,50.20206745,50.90178322,50.13396243,49.5247627
North Macedonia,MKD,Electricity production from coal sources (% of total),EG.ELC.COAL.ZS,,,,,,,,,,,,,,,,,,,,89.66655089,84.28076256,85.04534213,88.22393822,87.69153056,86.31767776,86.19183858,85.59334621,83.79682179,79.20734373,76.47922478,87.51964791,84.04202922,79.26684476,77.39613019,78.3059637,72.9089352,77.085257,83.80605292,77.69478617,65.33057851,76.47581003,77.16384542,66.04857237,69.53851879,58.35990081
Mali,MLI,Electricity production from coal sources (% of total),EG.ELC.COAL.ZS,,,,,,,,,,,,,,,,,,,,,,,,,,,,,,,,,,,,,,,,,,,,,
Malta,MLT,Electricity production from coal sources (% of total),EG.ELC.COAL.ZS,0,0,0,0,0,0,0,0,0,0,0,5.360134003,17.62962963,20.85714286,43.62244898,29.05882353,36.86440678,42.42718447,56.18181818,55.90909091,41.57857646,37.58389262,40,23.29656067,5.514705882,0,0,0,0,0,0,0,0,0,0,0,0,0,0,0,0,0,0,0,0
Myanmar,MMR,Electricity production from coal sources (% of total),EG.ELC.COAL.ZS,3.907380608,3.931847969,2.557856273,2.127659574,2.965235174,1.465201465,1.595298069,1.93081255,1.791044776,1.950235373,1.863799283,1.99742268,2.029850746,1.534391534,1.982067013,2.271714922,1.724137931,1.662174304,1.483560545,1.614205004,1.867762421,0.1668891856,0.1477104874,0.1391207568,0,0,0,0,0,0,0,12.64798737,11.68663594,7.22053842,9.790558511,12.75146009,13.36146273,9.272123226,6.792073521,8.895664855,7.336846372,7.184122251,4.646035764,2.02020202,1.784596118
Middle East & North Africa (excluding high income),MNA,Electricity production from coal sources (% of total),EG.ELC.COAL.ZS,1.159710308,2.250126518,2.361572959,2.325913081,2.698072112,2.447147198,2.181848578,1.978713807,1.352963227,1.379923656,1.432875862,1.215023242,1.272807106,1.041750594,0.8832920763,1.484879721,1.782670218,1.62168473,1.160172924,1.212287164,0.9765492338,0.8320457975,1.171274046,1.264443018,2.41699221,2.263891696,2.293168604,2.519986124,2.276285234,2.679905058,3.295630238,3.063133437,2.958318055,2.920236193,2.810355964,2.658812998,2.432196603,2.121483869,1.908339913,1.753952261,1.841278163,1.791542614,1.759359188,2.205275187,2.316686766
Montenegro,MNE,Electricity production from coal sources (% of total),EG.ELC.COAL.ZS,,,,,,,,,,,,,,,,,,,,,,,,,,,,,,,,,,,34.84636872,40.71815718,40.1119403,45.57991513,24.96376812,31.62605669,54.6686747,48.06610408,36.52724968,44.78411598,50.34965035
Mongolia,MNG,Electricity production from coal sources (% of total),EG.ELC.COAL.ZS,,,,,,,,,,,,,,,90.96025325,92.61829653,93.16213795,92.86117381,93.56379989,92.11469534,92.16475689,94.63980881,91.36328428,94.4014733,95.70015221,95.48584545,95.49211119,95.6635514,96.30541872,97.01289885,96.75174014,97.1722365,96.84512428,96.6091432,96.9581749,96.78329571,95.94704134,96.00099975,96.23669225,95.84975655,94.79717813,94.74667774,92.94820717,92.33630952,92.74442227
Northern Mariana Islands,MNP,Electricity production from coal sources (% of total),EG.ELC.COAL.ZS,,,,,,,,,,,,,,,,,,,,,,,,,,,,,,,,,,,,,,,,,,,,,
Mozambique,MOZ,Electricity production from coal sources (% of total),EG.ELC.COAL.ZS,0,0,0,0,0,0,0,0,0,17.53246753,40.0862069,19.24882629,23.02158273,20.35175879,19.63636364,22.58064516,24.4047619,28.78338279,20.97457627,13.87665198,16.77282378,11.77884615,4.081632653,0,0,0,0,0,0,0,0,0,0,0,0,0,0,0,0,0,0,0,0,0,0
Mauritania,MRT,Electricity production from coal sources (% of total),EG.ELC.COAL.ZS,,,,,,,,,,,,,,,,,,,,,,,,,,,,,,,,,,,,,,,,,,,,,
Mauritius,MUS,Electricity production from coal sources (% of total),EG.ELC.COAL.ZS,0,0,0,0,0,0,0,0,0,0,0,0,0,1.315789474,11.47959184,9.79498861,5.954825462,6.181818182,11.54499151,6.153846154,6.301050175,5.483870968,5.156723964,4.866412214,4.545454545,0.8641005499,2.072909221,6.046814044,11.92429022,20.41619798,24.33281005,25.94871795,23.91930836,21.70900693,26.84859155,33.95744681,40.32454361,44.15330465,39.38688397,38.67608776,40.57121933,41.11548087,42.03601108,42.90091931,39.43943944
Malawi,MWI,Electricity production from coal sources (% of total),EG.ELC.COAL.ZS,,,,,,,,,,,,,,,,,,,,,,,,,,,,,,,,,,,,,,,,,,,,,
Malaysia,MYS,Electricity production from coal sources (% of total),EG.ELC.COAL.ZS,0,0,0,0,0,0,0,0,0,0,0,0,0,0,0,0,0,1.328028111,10.09063444,12.7389642,13.07999397,11.90695453,9.171248453,8.52685422,7.588755444,6.661350552,5.493841024,5.723839172,6.990326982,11.10533535,12.48522874,15.16788105,18.87114657,23.35569491,24.18080873,23.06690415,27.69801879,26.76864245,28.71477462,34.32997291,40.98472249,41.51479748,38.57807847,37.8567699,42.28132931
North America,NAC,Electricity production from coal sources (% of total),EG.ELC.COAL.ZS,41.77981145,41.33553044,42.13445875,40.12651125,40.50587989,42.18492015,42.17714933,40.19441078,43.29525843,46.49890169,47.76162592,48.64392488,49.74867111,50.6689364,51.25975481,49.99607049,51.34518205,51.71692506,49.17782153,48.34051808,47.82961539,48.29198145,48.24280434,47.38093917,46.60337864,47.68588448,48.86510116,48.38395974,47.74817743,48.50157752,47.40346547,46.60746555,47.26830336,46.14680003,46.09542697,45.44013531,44.80427624,44.74096603,41.27223436,41.81033136,39.28977433,34.78870855,35.88207013,35.65618997,30.92854745
Namibia,NAM,Electricity production from coal sources (% of total),EG.ELC.COAL.ZS,,,,,,,,,,,,,,,,,,,,,1.51187905,1.196581197,14.8243359,20.70938215,2.134927412,2.35162374,2.336448598,1.472031403,0.9098428453,0.7818052594,0,0.3498950315,0.07037297678,0.7251631617,0.1807228916,5.230386052,1.967005076,10.62340967,5.234899329,4.214559387,1.398601399,0.9129640901,3.080390684,0,0.4557291667
New Caledonia,NCL,Electricity production from coal sources (% of total),EG.ELC.COAL.ZS,,,,,,,,,,,,,,,,,,,,,,,,,,,,,,,,,,,,,,,,,,,,,
Niger,NER,Electricity production from coal sources (% of total),EG.ELC.COAL.ZS,,,,,,,,,,,,,,,,,,,,,,,,,,,,,,65.53398058,74.44444444,74.86910995,76.28865979,74.63414634,68.99563319,76.60550459,67.85714286,75.87719298,73.15175097,68.94197952,74.56140351,63.65914787,53.2731377,55.75620767,41.61958569
Nigeria,NGA,Electricity production from coal sources (% of total),EG.ELC.COAL.ZS,0,0.04470272687,0,2.273721032,1.472286374,1.339503166,1.166984935,0,0,0,0,0,0.04590841272,0.07791629564,0.03913511398,0.05573100502,0.05326231691,0.0943881929,0.08585030828,0.09656094481,0.09176254676,0.09437778077,0,0,0,0,0,0,0,0,0,0,0,0,0,0,0,0,0,0,0,0,0,0,0
Nicaragua,NIC,Electricity production from coal sources (% of total),EG.ELC.COAL.ZS,0,0,0,0,0,0,0,0,0,0,0,0,0,0,0,0,0,0,0,0,0,0,0,0,0,0,0,0,0,0,0,0,0,0,0,0,0,0,0,0,0,0,0,0,0
Netherlands,NLD,Electricity production from coal sources (% of total),EG.ELC.COAL.ZS,12.4420987,7.402474218,6.038725369,5.414437282,4.087876442,8.378485302,10.58058539,11.43905448,8.645135269,13.69317656,16.27558428,24.16102931,25.9597653,26.9967186,27.21813589,25.949254,28.07261141,35.71130999,33.99589322,38.21003779,33.93471714,32.63911361,31.42601641,33.81496738,36.98793845,33.30835958,31.62396126,32.46007792,28.90682657,30.25069451,30.45065821,30.20181078,30.71949431,27.79753789,26.94928994,26.82100108,27.06794085,24.93119607,23.40290788,21.63159219,21.70704527,26.44097659,27.06908076,31.348508,38.65358408
Norway,NOR,Electricity production from coal sources (% of total),EG.ELC.COAL.ZS,0.02518574487,0.02663037046,0.03012501883,0.03261450954,0.02842340538,0.0280388643,0.04152191665,0.03216269375,0.02476250507,0.01552238806,0.01506007896,0.01509157351,0.04150590988,0.04424362233,0.03796396344,0.04344857551,0.04046125835,0.04390297443,0.04121144837,0.06742811094,0.07868816874,0.08026504543,0.07434136888,0.08813867151,0.06953420265,0.08691665552,0.07240212138,0.06785134543,0.06787311816,0.05052241581,0.07830079043,0.1021191646,0.121872334,0.09626999192,0.09617836715,0.1130157892,0.1006524039,0.09419463586,0.07482115454,0.0852009932,0.1044551713,0.1111535419,0.1131628646,0.1090450767,0.1049179417
Nepal,NPL,Electricity production from coal sources (% of total),EG.ELC.COAL.ZS,0,0,0,0,0,0,0,0,0,0,0,0,0,0,0,0,0,0,0,0,0,0,0,0,0,0,0,0,0,0,0,0,0,0,0,0,0,0,0,0,0,0,0,0,0
Nauru,NRU,Electricity production from coal sources (% of total),EG.ELC.COAL.ZS,,,,,,,,,,,,,,,,,,,,,,,,,,,,,,,,,,,,,,,,,,,,,
New Zealand,NZL,Electricity production from coal sources (% of total),EG.ELC.COAL.ZS,4.806822587,6.818827003,8.51546058,6.527512216,5.081696168,5.476323639,4.250835967,2.893268539,1.585001359,1.894140556,1.222629292,1.946335603,2.389310384,3.608003207,2.86755158,1.634238522,2.00199169,1.679491469,1.444607437,2.057957539,1.447621336,3.809205326,2.170678337,1.985595822,2.498474849,2.569023661,4.424802609,3.884398596,4.749186874,3.939154585,5.354796321,5.067808708,9.728523432,11.18039985,13.64969279,12.70125224,7.22693301,11.01913297,7.589809679,4.596472475,4.878268102,8.022320622,5.535268559,4.505229284,4.252912566
OECD members,OED,Electricity production from coal sources (% of total),EG.ELC.COAL.ZS,39.0834288,37.29437088,37.51800042,35.89546247,36.19477998,37.83580542,37.5902017,36.54186714,38.00976974,40.4433139,40.89471331,41.76767802,42.29041627,41.64901512,42.34633833,41.73945416,41.93212115,41.59975471,40.58833612,39.75628613,39.31070618,39.04173271,38.72643301,38.21699169,37.76250155,38.29532443,38.32739129,38.26543975,37.63398502,38.45384892,37.87412574,37.67273467,38.27713984,37.3302478,37.24787236,36.89056533,36.60735827,35.7985672,34.10119161,33.92681071,33.015414,31.83337323,32.26406025,31.79119092,29.44346691
Oman,OMN,Electricity production from coal sources (% of total),EG.ELC.COAL.ZS,0,0,0,0,0,0,0,0,0,0,0,0,0,0,0,0,0,0,0,0,0,0,0,0,0,0,0,0,0,0,0,0,0,0,0,0,0,0,0,0,0,0,0,0,0
Other small states,OSS,Electricity production from coal sources (% of total),EG.ELC.COAL.ZS,0,0,0,0,0,0,0,0,0,0,1.799111884,1.800459067,1.893892407,1.546419793,2.16265883,2.006264827,2.853893443,2.518832018,3.022324296,3.117031653,3.531911821,3.80740534,4.164783049,3.640112016,2.533886635,1.604511285,1.663910364,2.337541082,2.416575889,2.724089445,2.77732996,2.867003256,2.483553202,2.175825135,3.619169094,3.863372375,3.161855678,3.517352487,2.741901202,2.891750885,2.968958772,2.714218098,2.981752708,4.10363372,4.548870161
Pakistan,PAK,Electricity production from coal sources (% of total),EG.ELC.COAL.ZS,1.215002641,1.215002641,0.7878715531,1.037069726,0.7544512624,0.6201550388,0.7171094971,0.3474747475,0.2539861719,0.2003472686,0.2677126136,0.01696065129,0.2132304412,0.1554427833,0.2043211755,0.1563171675,0.08709890952,0.08159318244,0.06936215716,0.1008679956,0.0657318142,0.090145462,0.08885203175,0.07468957147,0.7725125972,0.6342494715,0.6532056954,0.7657272116,0.6232897537,0.3538082095,0.3934833632,0.305135792,0.244958555,0.2043700148,0.1377778252,0.13847454,0.1421686999,0.1233409012,0.1216481223,0.09323614172,0.1009569881,0.06345903771,0.150851301,0.1355292182,0.1371086315
Panama,PAN,Electricity production from coal sources (% of total),EG.ELC.COAL.ZS,0,0,0,0,0,0,0,0,0,0,0,0,0,0,0,0,0,0,0,0,0,0,0,0,0,0,0,0,0,0,0,0,0,0,0,0,0,0,0,0,5.778573255,7.764733233,7.624469748,7.397437278,6.915306915
Peru,PER,Electricity production from coal sources (% of total),EG.ELC.COAL.ZS,0,0,0,0,0,0,0,0,0,0,0,0,0,0,0,0,0,0,0,0,0,0,0,0,0,0,0,0,0,1.742492719,1.491962653,3.566392212,3.345838423,3.776540919,3.153064826,2.982674172,2.823159935,2.704286155,2.380880075,2.371134021,1.585804248,3.232505192,2.795016779,0.7151292481,0.8393608423
Philippines,PHL,Electricity production from coal sources (% of total),EG.ELC.COAL.ZS,0.1312192455,0.115406809,0.09100561201,0.1149689584,0.1755669349,0.2378363686,0.7294429708,0.5147342684,0.6655873359,1.005053029,0.6888015929,2.23126868,2.647524937,5.113314448,14.70174822,12.60131591,9.919618408,10.52202616,9.435733,7.346070574,7.571445281,6.923076923,7.581173107,4.423878442,6.283143657,13.21915757,18.50139458,22.57924864,26.99121452,36.79178627,39.93411265,33.27624982,28.21873819,28.94007899,26.97155585,26.93411761,28.24478704,25.89401687,26.60809741,34.39668153,36.63409275,38.76112505,42.62349534,42.78170381,44.51482169
Palau,PLW,Electricity production from coal sources (% of total),EG.ELC.COAL.ZS,,,,,,,,,,,,,,,,,,,,,,,,,,,,,,,,,,,,,,,,,,,,,
Papua New Guinea,PNG,Electricity production from coal sources (% of total),EG.ELC.COAL.ZS,,,,,,,,,,,,,,,,,,,,,,,,,,,,,,,,,,,,,,,,,,,,,
Poland,POL,Electricity production from coal sources (% of total),EG.ELC.COAL.ZS,91.91365748,92.34795187,93.89807885,94.42758379,94.66750703,95.28017907,95.05439523,94.83760565,94.66434967,94.71312458,95.1835204,96.29833022,96.41146207,97.05603396,96.94166384,97.27723131,97.31732653,97.3760399,97.45393144,97.49283934,97.36453499,97.33102757,97.32734351,97.05688178,97.05710658,96.86247291,96.67790116,96.60583501,96.50502496,96.33103776,95.39802812,94.74101573,95.22628642,93.67223861,92.20257597,92.45042422,91.82670807,90.88746687,89.24835066,88.09210066,86.79054427,84.35789773,85.20686249,82.99328741,80.90616462
Pre-demographic dividend,PRE,Electricity production from coal sources (% of total),EG.ELC.COAL.ZS,1.462093197,0.9993844732,1.012862744,1.029252803,0.9671059966,0.5818071241,0.4906131626,0.2495930396,0.1035968187,0.3109119252,0.293985339,0.2218323926,0.2546908824,0.2254342246,0.2253187405,0.1646478779,0.1822917665,0.2045665987,0.207009552,0.155498849,0.1845552558,0.1360500557,0.1121753966,0.1021078465,0.100083419,0.09533428808,0.0721488916,0.07284526625,0.06928015706,0.2088211197,0.2188880124,0.2193543592,0.2127016637,0.2001767608,0.1682431629,0.1395999288,0.1344952692,0.1342627288,0.126919069,0.117272388,0.1396043416,0.1429663376,0.1182314738,0.1110945296,0.09593334964
Puerto Rico,PRI,Electricity production from coal sources (% of total),EG.ELC.COAL.ZS,,,,,,,,,,,,,,,,,,,,,,,,,,,,,,,,,,,,,,,,,,,,,
"Korea, Dem. People's Rep.",PRK,Electricity production from coal sources (% of total),EG.ELC.COAL.ZS,35.98250336,34.44656489,37.00241255,38.84174312,43.86885246,42.28813559,45.0668037,45.10978044,45.78079534,47.98584906,48.76492195,48.68067979,49.69049695,46.40306122,47.93625498,43.49011858,43.13793103,41.82078853,45.81506849,40.05054152,42.49809886,42.05668016,39.68778281,40.12121212,36.80434783,36.46948357,39.21243523,33.92941176,39.07526882,43.31443299,42.51485149,41.1711165,39.48471283,38.57916534,39.04067737,40.90037887,34.75816568,36.0051713,38.01296919,35.51514032,28.13897847,26.94946974,21.05607681,24.13311743,21.28557909
Portugal,PRT,Electricity production from coal sources (% of total),EG.ELC.COAL.ZS,3.558763931,2.488687783,3.941993464,3.200748713,2.775441548,2.946446347,1.466424682,1.595999726,2.271175923,2.295146653,2.416087963,1.614898743,1.268487232,0.6303724928,5.135566188,16.40183008,25.75237527,26.90454951,28.72519472,32.12193917,33.00255651,34.62174662,36.97321717,37.17048573,40.59860005,36.58947613,38.20754717,30.98414167,35.25888987,33.86516647,29.50528505,33.32311062,31.22675781,33.14520267,32.96527237,30.79298419,26.43722279,24.62012095,26.06200234,13.22381777,18.97934012,28.71467439,23.42581232,23.00275217,28.71823872
Paraguay,PRY,Electricity production from coal sources (% of total),EG.ELC.COAL.ZS,0,0,0,0,0,0,0,0,0,0,0,0,0,0,0,0,0,0,0,0,0,0,0,0,0,0,0,0,0,0,0,0,0,0,0,0,0,0,0,0,0,0,0,0,0
West Bank and Gaza,PSE,Electricity production from coal sources (% of total),EG.ELC.COAL.ZS,,,,,,,,,,,,,,,,,,,,,,,,,,,,,,,,,,,,,,,,,,,,,
Pacific island small states,PSS,Electricity production from coal sources (% of total),EG.ELC.COAL.ZS,,,,,,,,,,,,,,,,,,,,,,,,,,,,,,,,,,,,,,,,,,,,,
Post-demographic dividend,PST,Electricity production from coal sources (% of total),EG.ELC.COAL.ZS,36.98572098,35.23044673,35.35572576,33.70570592,33.954543,35.50784131,35.28202358,34.2561302,35.78715039,38.21849149,38.75353769,39.65211375,40.10034896,39.40368687,40.04698079,39.46769042,39.74109663,39.50919762,38.45817823,39.43331635,39.08962015,38.89143975,38.49807991,37.9202979,37.41156218,37.74266798,37.78242255,37.80163198,37.20184071,38.18488653,37.61476551,37.51035687,38.21950349,37.18903666,37.07821377,36.84746229,36.68347449,36.02543472,34.2200216,34.0362472,33.23395254,31.97317409,32.4632607,31.91874054,29.36713851
French Polynesia,PYF,Electricity production from coal sources (% of total),EG.ELC.COAL.ZS,,,,,,,,,,,,,,,,,,,,,,,,,,,,,,,,,,,,,,,,,,,,,
Qatar,QAT,Electricity production from coal sources (% of total),EG.ELC.COAL.ZS,0,0,0,0,0,0,0,0,0,0,0,0,0,0,0,0,0,0,0,0,0,0,0,0,0,0,0,0,0,0,0,0,0,0,0,0,0,0,0,0,0,0,0,0,0
Romania,ROU,Electricity production from coal sources (% of total),EG.ELC.COAL.ZS,26.2026664,25.68199084,26.02449817,25.07031919,31.89441745,26.10613394,26.85021217,28.11454362,31.54636317,31.43614972,13.36508027,14.22477583,15.76715058,15.1338831,31.21223092,31.46082302,33.12769146,36.9825549,36.41349488,28.77046759,27.48622432,34.17658456,34.62398154,35.79875218,35.09600783,33.89242054,30.23902849,28.0282638,29.44192467,37.16255247,37.1644451,37.68886453,42.8781284,38.53696526,37.26120546,40.30176882,41.03092115,39.84543383,37.70804108,34.21699467,40.00548396,38.98322387,28.96337297,27.31204564,27.63872455
Russian Federation,RUS,Electricity production from coal sources (% of total),EG.ELC.COAL.ZS,,,,,,,,,,,,,,,,,,,,14.33181291,14.31700967,14.97545739,15.43315803,18.39095831,18.51177962,18.83105679,18.70425625,19.49880717,18.94476469,19.87739427,18.88212852,19.03853766,18.74130509,17.19272399,17.2954259,17.89780302,16.68918166,18.90217068,16.52965269,15.98305595,15.54215048,15.74945783,15.22169765,14.78792431,14.82165832
Rwanda,RWA,Electricity production from coal sources (% of total),EG.ELC.COAL.ZS,,,,,,,,,,,,,,,,,,,,,,,,,,,,,,,,,,,,,,,,,,,,,
South Asia,SAS,Electricity production from coal sources (% of total),EG.ELC.COAL.ZS,42.59980624,45.3929732,42.61337681,46.0341559,44.31871604,47.07522413,45.93852393,41.76468866,42.52808783,43.61478347,45.76294744,48.36814177,48.56558025,49.3905918,53.09647959,54.16950586,58.33263537,56.7647626,57.77341356,55.47364099,56.86808329,56.90546687,58.8277083,57.03011907,59.07532423,59.60480416,58.42042045,56.65856169,57.17504218,58.39072536,58.92627208,59.20754811,57.4476874,56.9827629,55.93888605,55.96825504,55.55198346,58.38076493,57.34444027,57.80822891,57.96445983,62.2729985,62.92894751,65.09801529,66.06717868
Saudi Arabia,SAU,Electricity production from coal sources (% of total),EG.ELC.COAL.ZS,0,0,0,0,0,0,0,0,0,0,0,0,0,0,0,0,0,0,0,0,0,0,0,0,0,0,0,0,0,0,0,0,0,0,0,0,0,0,0,0,0,0,0,0,0
Sudan,SDN,Electricity production from coal sources (% of total),EG.ELC.COAL.ZS,0,0,0,0,0,0,0,0,0,0,0,0,0,0,0,0,0,0,0,0,0,0,0,0,0,0,0,0,0,0,0,0,0,0,0,0,0,0,0,0,0,0,0,0,0
Senegal,SEN,Electricity production from coal sources (% of total),EG.ELC.COAL.ZS,0,0,0,0,0,0,0,0,0,0,0,0,0,0,0,0,0,0,0,0,0,0,0,0,0,0,0,0,0,0,0,0,0,0,0,0,0,0,0,0,0,0,0,0,0
Singapore,SGP,Electricity production from coal sources (% of total),EG.ELC.COAL.ZS,0,0,0,0,0,0,0,0,0,0,0,0,0,0,0,0,0,0,0,0,0,0,0,0,0,0,0,0,0,0,0,0,0,0,0,0,0,0,0,0,0,0.01277383918,0.6441660239,1.097610369,1.196072597
Solomon Islands,SLB,Electricity production from coal sources (% of total),EG.ELC.COAL.ZS,,,,,,,,,,,,,,,,,,,,,,,,,,,,,,,,,,,,,,,,,,,,,
Sierra Leone,SLE,Electricity production from coal sources (% of total),EG.ELC.COAL.ZS,,,,,,,,,,,,,,,,,,,,,,,,,,,,,,,,,,,,,,,,,,,,,
El Salvador,SLV,Electricity production from coal sources (% of total),EG.ELC.COAL.ZS,0,0,0,0,0,0,0,0,0,0,0,0,0,0,0,0,0,0,0,0,0,0,0,0,0,0,0,0,0,0,0,0,0,0,0,0,0,0,0,0,0,0,0,0,0
San Marino,SMR,Electricity production from coal sources (% of total),EG.ELC.COAL.ZS,,,,,,,,,,,,,,,,,,,,,,,,,,,,,,,,,,,,,,,,,,,,,
Somalia,SOM,Electricity production from coal sources (% of total),EG.ELC.COAL.ZS,,,,,,,,,,,,,,,,,,,,,,,,,,,,,,,,,,,,,,,,,,,,,
Serbia,SRB,Electricity production from coal sources (% of total),EG.ELC.COAL.ZS,,,,,,,,,,,,,,,,,,,,69.05831787,63.03720577,65.58868669,65.52160494,65.90740741,62.8872259,56.47152303,62.90214925,63.68757935,56.7494762,62.77973052,62.22317108,64.34398175,69.86936606,68.2906119,64.27043922,68.72892739,70.05198358,72.43897803,71.32214534,67.05501964,75.70218809,72.80418014,73.13839957,66.2739939,72.42984439
Sub-Saharan Africa (excluding high income),SSA,Electricity production from coal sources (% of total),EG.ELC.COAL.ZS,67.93499098,64.51001881,64.91539476,63.05170703,62.95118212,61.980249,60.36612004,62.10353999,61.48818503,63.47906271,64.98159475,65.72251625,67.06801543,67.36389179,66.0394925,64.11252695,66.55384547,63.77088109,63.69435835,64.83608992,64.08302843,64.66855715,66.4043137,65.56129628,64.8045368,65.515743,65.32570947,63.95105321,62.79852931,62.60616778,62.0581496,60.80388737,62.37936207,61.34487927,61.13783456,60.47462453,60.80059033,59.9642881,58.51844654,57.44642624,56.57325849,55.80924791,54.16562679,52.10768584,51.10213463
South Sudan,SSD,Electricity production from coal sources (% of total),EG.ELC.COAL.ZS,,,,,,,,,,,,,,,,,,,,,,,,,,,,,,,,,,,,,,,,,,0,0,0,0
Sub-Saharan Africa,SSF,Electricity production from coal sources (% of total),EG.ELC.COAL.ZS,67.8829745,64.46062476,64.86569033,63.00342959,62.90298164,61.93279195,60.3198989,62.05598854,61.44110474,63.43045805,64.93183963,65.67219382,67.01666278,67.31231259,65.98892737,64.06343726,66.50288651,63.72205299,63.64558884,64.78644621,64.03396132,64.61904171,66.35346923,65.51109729,64.75491725,65.46557889,65.27569087,63.90208715,62.75044572,62.55823148,62.0106329,60.75733103,62.33159943,61.29790871,61.09102253,60.42832031,60.75403652,59.91837463,58.47364013,57.40244065,56.52994147,55.76651587,54.12415324,52.06778802,51.06300674
Small states,SST,Electricity production from coal sources (% of total),EG.ELC.COAL.ZS,0,0,0,0,0,0,0,0,0,0,1.355556233,1.332097665,1.409762709,1.250012418,1.768543469,1.635929603,2.314435112,2.066805963,2.501472318,2.532103642,2.856161453,2.952540781,3.255877324,2.77574764,1.890462723,1.196125903,1.234545193,1.747499658,1.811549808,2.05343421,2.101039251,2.178497306,1.888084675,1.661833872,2.772110932,2.992089569,2.508983909,2.865632662,2.230334145,2.374648183,2.431361561,2.23421044,2.454290086,3.383430216,3.746052647
Sao Tome and Principe,STP,Electricity production from coal sources (% of total),EG.ELC.COAL.ZS,,,,,,,,,,,,,,,,,,,,,,,,,,,,,,,,,,,,,,,,,,,,,
Suriname,SUR,Electricity production from coal sources (% of total),EG.ELC.COAL.ZS,,,,,,,,,,,,,,,,,,,,,,,,,,,,,,0,0,0,0,0,0,0,0,0,0,0,0,0,0,0,0
Slovak Republic,SVK,Electricity production from coal sources (% of total),EG.ELC.COAL.ZS,66.34146341,67.01344836,64.39547931,51.07092969,52.48709702,51.81511332,43.62056575,40.86314152,32.6663896,37.86247308,37.83811215,35.85822785,40.45341098,41.36461623,37.15197084,32.91752708,33.3621659,34.42112751,33.16666667,31.85865004,27.00218458,33.57007576,26.42239228,21.06999764,26.44922052,25.21411173,27.40190796,25.17099332,25.23038605,19.84219755,19.6415118,17.37861666,20.66417092,20.07550886,19.0737433,18.33221337,18.72579951,17.90333797,16.49755006,14.85581124,14.27460407,13.78847783,12.36585537,12.36186828,12.51126464
Slovenia,SVN,Electricity production from coal sources (% of total),EG.ELC.COAL.ZS,,,,,,,,,,,,,,,,,,,,31.260045,28.42121783,37.58101102,39.27674535,35.78131059,35.6539921,34.18855786,35.71645416,36.30536131,33.78072689,33.84468585,34.00387115,36.32004384,36.96092619,33.99253487,34.86802937,35.9642739,36.44219903,32.4592963,31.2869597,32.53152876,33.34590009,33.09107281,30.84319059,21.90176543,29.59438483
Sweden,SWE,Electricity production from coal sources (% of total),EG.ELC.COAL.ZS,0.3051071633,0.3991458836,0.6418139892,0.5951271469,0.3848445725,0.1470043523,0.223360633,0.1367296843,0.2208991648,0.1920760829,0.1837699084,0.4019615725,0.6310336276,0.8339552844,1.458923824,1.629442948,1.476259959,1.419929827,1.111142209,1.050115081,1.667687283,1.753508387,1.912604047,2.203924317,1.98256155,3.066267502,1.83839792,1.883608013,2.028571798,1.69798459,1.979640459,2.476482618,3.076548061,1.200609205,0.8871909829,1.072679815,0.9071178514,1.080096602,0.6515182572,1.297992725,0.9716879418,0.6002307193,0.7292640053,0.5750420048,0.6669507383
Eswatini,SWZ,Electricity production from coal sources (% of total),EG.ELC.COAL.ZS,,,,,,,,,,,,,,,,,,,,,,,,,,,,,,,,,,,,,,,,,,,,,
Sint Maarten (Dutch part),SXM,Electricity production from coal sources (% of total),EG.ELC.COAL.ZS,,,,,,,,,,,,,,,,,,,,,,,,,,,,,,,,,,,,,,,,,,,,,
Seychelles,SYC,Electricity production from coal sources (% of total),EG.ELC.COAL.ZS,,,,,,,,,,,,,,,,,,,,,,,,,,,,,,,,,,,,,,,,,,,,,
Syrian Arab Republic,SYR,Electricity production from coal sources (% of total),EG.ELC.COAL.ZS,0,0,0,0,0,0,0,0,0,0,0,0,0,0,0,0,0,0,0,0,0,0,0,0,0,0,0,0,0,0,0,0,0,0,0,0,0,0,0,0,0,0,0,0,0
Turks and Caicos Islands,TCA,Electricity production from coal sources (% of total),EG.ELC.COAL.ZS,,,,,,,,,,,,,,,,,,,,,,,,,,,,,,,,,,,,,,,,,,,,,
Chad,TCD,Electricity production from coal sources (% of total),EG.ELC.COAL.ZS,,,,,,,,,,,,,,,,,,,,,,,,,,,,,,,,,,,,,,,,,,,,,
East Asia & Pacific (IDA & IBRD countries),TEA,Electricity production from coal sources (% of total),EG.ELC.COAL.ZS,60.92615602,55.15207429,49.69193956,48.51451446,48.11791488,43.51845179,48.63975655,51.95612773,48.67553679,45.24814271,44.74997207,45.98917236,46.14825798,49.21564691,55.19391971,58.49564253,59.9323174,59.97311501,60.52302241,61.72853509,63.66153318,64.81633934,63.03046335,63.80406907,62.48844295,64.29696353,64.45082116,64.03963054,66.05118049,67.16993134,66.0390416,67.45737576,69.78325496,69.25529368,70.73396442,72.46697323,73.72713346,71.70823469,71.4027678,70.77772911,73.07251364,70.36888592,70.33121219,67.93129704,66.15346174
Europe & Central Asia (IDA & IBRD countries),TEC,Electricity production from coal sources (% of total),EG.ELC.COAL.ZS,,,,,,,,,,,,,,,,,,,,28.12883611,27.89320961,28.94403916,28.67927838,30.79465967,30.69575665,30.0769162,30.25151728,30.36201202,29.64190179,30.49763553,30.31285372,29.7696479,30.04983177,28.43117839,28.71275669,29.65269707,29.78219728,31.09997399,29.49405832,28.74381683,29.79814214,29.2251285,28.82169967,27.93146176,27.61403986
Togo,TGO,Electricity production from coal sources (% of total),EG.ELC.COAL.ZS,0,0,0,0,0,0,0,0,0,0,0,0,0,0,0,0,0,0,0,0,0,0,0,0,0,0,0,0,0,0,0,0,0,0,0,0,0,0,0,0,0,0,0,0,0
Thailand,THA,Electricity production from coal sources (% of total),EG.ELC.COAL.ZS,6.098760574,4.485355649,3.500215177,4.665314402,4.052132701,3.938530429,3.087248322,3.869589301,9.469612438,9.774019132,10.89856204,11.13573739,9.5672465,11.0207382,23.02591662,22.43395234,23.37707664,20.94627896,21.06346575,25.02037305,25.97788184,25.9466181,21.2973331,19.85332341,18.45585205,19.71015783,20.54362517,18.48265447,18.19655927,18.51797827,19.39855497,17.27959051,16.55710659,16.38868342,15.5238016,18.2417725,21.45935918,21.55115109,20.23936278,18.83564649,22.31474893,19.9960443,22.07937002,21.77836246,19.45432043
Tajikistan,TJK,Electricity production from coal sources (% of total),EG.ELC.COAL.ZS,,,,,,,,,,,,,,,,,,,,0,0,0,0,0,0,0,0,0,0,0,0,0,0,0,0,0,0,0,0,0,0,0,0.2570844289,0.9713453133,1.526628598
Turkmenistan,TKM,Electricity production from coal sources (% of total),EG.ELC.COAL.ZS,,,,,,,,,,,,,,,,,,,,0,0,0,0,0,0,0,0,0,0,0,0,0,0,0,0,0,0,0,0,0,0,0,0,0,0
Latin America & the Caribbean (IDA & IBRD countries),TLA,Electricity production from coal sources (% of total),EG.ELC.COAL.ZS,3.345112449,2.888210244,2.596490245,2.360404741,2.10923431,2.01998754,1.941132116,2.298660319,2.14467824,2.203876413,2.48150335,2.495061703,2.48515168,2.972306348,3.148364565,3.610782355,3.560102955,3.76921901,4.043570881,3.996451844,3.90251405,3.593647206,3.747093294,4.189375979,4.475427441,4.822221307,4.815240664,4.705391082,4.950596797,4.497260136,4.583593866,4.644078026,4.940926544,4.506829648,5.151158411,5.198544435,5.238897184,4.398899042,4.933182648,5.282880766,5.34604422,5.88360689,6.605951042,6.664827261,6.892445481
Timor-Leste,TLS,Electricity production from coal sources (% of total),EG.ELC.COAL.ZS,,,,,,,,,,,,,,,,,,,,,,,,,,,,,,,,,,,,,,,,,,,,,
Middle East & North Africa (IDA & IBRD countries),TMN,Electricity production from coal sources (% of total),EG.ELC.COAL.ZS,1.172334462,2.274620518,2.387280121,2.351232064,2.727442272,2.473785888,2.205599331,2.000253314,1.367691057,1.394944967,1.44847359,1.228249511,1.286662388,1.053090685,0.8929072493,1.501043542,1.802075671,1.639337758,1.172802114,1.225483649,0.9871795678,0.8411031235,1.184024078,1.278207252,2.443302644,2.288535538,2.318131143,2.54741771,2.301063987,2.709077459,3.331505183,3.096477513,2.990521152,2.952024745,2.840948403,2.687755799,2.458672547,2.144577515,1.929113357,1.773045101,1.861321599,1.811044648,1.778510886,2.229280953,2.341905315
Tonga,TON,Electricity production from coal sources (% of total),EG.ELC.COAL.ZS,,,,,,,,,,,,,,,,,,,,,,,,,,,,,,,,,,,,,,,,,,,,,
South Asia (IDA & IBRD),TSA,Electricity production from coal sources (% of total),EG.ELC.COAL.ZS,42.59980624,45.3929732,42.61337681,46.0341559,44.31871604,47.07522413,45.93852393,41.76468866,42.52808783,43.61478347,45.76294744,48.36814177,48.56558025,49.3905918,53.09647959,54.16950586,58.33263537,56.7647626,57.77341356,55.47364099,56.86808329,56.90546687,58.8277083,57.03011907,59.07532423,59.60480416,58.42042045,56.65856169,57.17504218,58.39072536,58.92627208,59.20754811,57.4476874,56.9827629,55.93888605,55.96825504,55.55198346,58.38076493,57.34444027,57.80822891,57.96445983,62.2729985,62.92894751,65.09801529,66.06717868
Sub-Saharan Africa (IDA & IBRD countries),TSS,Electricity production from coal sources (% of total),EG.ELC.COAL.ZS,67.8829745,64.46062476,64.86569033,63.00342959,62.90298164,61.93279195,60.3198989,62.05598854,61.44110474,63.43045805,64.93183963,65.67219382,67.01666278,67.31231259,65.98892737,64.06343726,66.50288651,63.72205299,63.64558884,64.78644621,64.03396132,64.61904171,66.35346923,65.51109729,64.75491725,65.46557889,65.27569087,63.90208715,62.75044572,62.55823148,62.0106329,60.75733103,62.33159943,61.29790871,61.09102253,60.42832031,60.75403652,59.91837463,58.47364013,57.40244065,56.52994147,55.76651587,54.12415324,52.06778802,51.06300674
Trinidad and Tobago,TTO,Electricity production from coal sources (% of total),EG.ELC.COAL.ZS,0,0,0,0,0,0,0,0,0,0,0,0,0,0,0,0,0,0,0,0,0,0,0,0,0,0,0,0,0,0,0,0,0,0,0,0,0,0,0,0,0,0,0,0,0
Tunisia,TUN,Electricity production from coal sources (% of total),EG.ELC.COAL.ZS,0,0,0,0,0,0,0,0,0,0,0,0,0,0,0,0,0,0,0,0,0,0,0,0,0,0,0,0,0,0,0,0,0,0,0,0,0,0,0,0,0,0,0,0,0
Turkiye,TUR,Electricity production from coal sources (% of total),EG.ELC.COAL.ZS,30.47745629,25.98061016,26.10865191,28.72300957,26.3265698,23.66679429,23.7879893,25.63288226,28.58538318,25.60687433,24.87334333,24.25805966,31.36724321,33.05131807,43.91712207,48.96334551,39.80114085,25.98651349,38.94781339,35.07116417,35.7882681,36.48688783,32.19298721,36.05035686,32.51939198,32.06025595,32.77958488,32.14498027,31.80264514,30.56867485,31.3025056,24.8446677,22.94193383,22.85896296,26.66897182,26.46072865,27.89285752,29.08808677,28.58345482,26.06293322,28.86618162,28.39838661,26.56045704,30.26753928,29.09509021
Tuvalu,TUV,Electricity production from coal sources (% of total),EG.ELC.COAL.ZS,,,,,,,,,,,,,,,,,,,,,,,,,,,,,,,,,,,,,,,,,,,,,
Tanzania,TZA,Electricity production from coal sources (% of total),EG.ELC.COAL.ZS,0,0,0,0,0,0,0,0,0,0,0,0,0,0,0,0,0,0,0,0,0,0,1.67539267,3.649635036,3.898128898,3.307008885,2.136529442,2.186046512,2.427394885,2.710355987,3.231597846,3.715498938,2.745393005,2.57639305,1.153305204,0.6960556845,0.8604206501,0.4329004329,0,0,0,0,0,0,0
Uganda,UGA,Electricity production from coal sources (% of total),EG.ELC.COAL.ZS,,,,,,,,,,,,,,,,,,,,,,,,,,,,,,,,,,,,,,,,,,,,,
Ukraine,UKR,Electricity production from coal sources (% of total),EG.ELC.COAL.ZS,,,,,,,,,,,,,,,,,,,,38.18589138,38.30507744,41.9436661,38.13624253,38.02814817,36.23343188,30.83075745,31.03764354,29.08842371,31.33054948,30.07783078,30.76798435,31.47339433,30.32218325,24.79151788,26.90129254,33.60813112,35.67319402,36.67400538,37.5506137,36.94367361,38.21172826,40.54082667,41.82265908,38.73334249,34.57818245
Upper middle income,UMC,Electricity production from coal sources (% of total),EG.ELC.COAL.ZS,24.81517929,23.32444588,21.71078244,20.99424425,20.83163995,18.99560357,19.51964367,20.33338357,19.42039469,18.75408742,19.10138734,19.38378176,19.40925825,20.05072001,21.15208986,21.84834573,22.37254389,21.99193276,22.57630994,32.79265826,33.83998885,35.64794372,36.36239669,38.80529773,39.00373862,40.31702117,40.6751953,40.32812681,40.95941379,42.04875116,42.63480177,44.05392291,46.41693454,46.86882435,48.80870474,50.70510609,52.65154502,51.95173334,52.48063158,52.57917628,54.96163989,53.33687919,53.91448584,52.55562277,51.37198959
Uruguay,URY,Electricity production from coal sources (% of total),EG.ELC.COAL.ZS,0,0,0,0,0,0,0,0,0,0,0,0,0,0,0,0,0,0,0,0,0,0,0,0,0,0,0,0,0,0,0,0,0,0,0,0,0,0,0,0,0,0,0,0,0
United States,USA,Electricity production from coal sources (% of total),EG.ELC.COAL.ZS,44.78800972,44.56625731,46.16412339,44.17649508,44.29543149,46.17085376,46.11302181,44.0050733,47.66744234,51.203426,52.82783428,53.67959321,55.04058733,56.05225277,57.22035189,56.17401668,57.64218657,57.67931332,54.11603876,53.06735048,52.60110173,53.24000481,53.40130679,52.51623052,51.49928029,52.72203118,53.80954845,52.73512658,52.11671819,52.89515225,51.63342695,50.65729949,51.38116764,50.39668955,50.45708636,49.77287778,48.99390945,49.10443981,45.4377316,45.79760576,43.34576409,38.47985569,39.94314124,39.65073269,34.23273373
Uzbekistan,UZB,Electricity production from coal sources (% of total),EG.ELC.COAL.ZS,,,,,,,,,,,,,,,,,,,,7.383932534,7.384842611,4.89088802,6.482329244,8.309623431,3.453943902,4.022545631,4.08433578,4.08496732,4.086220577,4.08629225,4.084568712,4.084364226,4.085020243,4.086,4.083333333,4.086802828,4.085801839,4.085020243,4.086086086,4.085106383,4.083969466,4.085714286,4.084870849,4.084837545,4.085195531
St. Vincent and the Grenadines,VCT,Electricity production from coal sources (% of total),EG.ELC.COAL.ZS,,,,,,,,,,,,,,,,,,,,,,,,,,,,,,,,,,,,,,,,,,,,,
"Venezuela, RB",VEN,Electricity production from coal sources (% of total),EG.ELC.COAL.ZS,0,0,0,0,0,0,0,0,0,0,0,0,0,0,0,0,0,0,0,0,0,0,0,0,0,0,0,0,0,0,0,0,0,0,0,0,0,0,0,0,0,0,0,0,0
British Virgin Islands,VGB,Electricity production from coal sources (% of total),EG.ELC.COAL.ZS,,,,,,,,,,,,,,,,,,,,,,,,,,,,,,,,,,,,,,,,,,,,,
Virgin Islands (U.S.),VIR,Electricity production from coal sources (% of total),EG.ELC.COAL.ZS,,,,,,,,,,,,,,,,,,,,,,,,,,,,,,,,,,,,,,,,,,,,,
Vietnam,VNM,Electricity production from coal sources (% of total),EG.ELC.COAL.ZS,73.30434783,80.81818182,82.12765957,79.71014493,79.40691928,81.16334122,82.72386985,77.77777778,72.22222222,39.92694577,38.35950189,38.1351626,39.61364777,42.19338635,45.45275202,48.07309571,50.65278466,50.70007369,35.02055498,23.05033982,14.83170467,8.76867594,5.974488839,8.715820313,13.81075915,14.02266289,17.37925988,16.04573958,12.37319071,11.80301946,10.51359122,13.62722092,17.6835675,15.52295007,22.69084539,23.33162515,21.81829035,20.05967628,18.00901713,20.74750008,21.55142594,21.13664195,24.51261055,23.24508294,29.57144628
Vanuatu,VUT,Electricity production from coal sources (% of total),EG.ELC.COAL.ZS,,,,,,,,,,,,,,,,,,,,,,,,,,,,,,,,,,,,,,,,,,,,,
World,WLD,Electricity production from coal sources (% of total),EG.ELC.COAL.ZS,33.23969151,31.71465172,31.59508656,30.31729998,30.54822868,31.39878557,31.26318858,30.55719936,31.4064204,32.95347008,33.12812157,33.75916582,34.14114731,33.8804482,34.80026958,34.59385247,35.02083408,34.74409892,34.22514352,36.9852641,37.05310149,37.38813776,37.35687914,37.50654156,37.33092349,37.94368601,38.00062169,37.80085359,37.62614328,38.61392539,38.42604458,38.72941576,39.80907643,39.35816364,39.83362136,40.49190929,41.11453355,40.61188872,39.99521943,40.08718901,40.97807052,40.25463626,41.02197692,40.46540484,39.14569166
Samoa,WSM,Electricity production from coal sources (% of total),EG.ELC.COAL.ZS,,,,,,,,,,,,,,,,,,,,,,,,,,,,,,,,,,,,,,,,,,,,,
Kosovo,XKX,Electricity production from coal sources (% of total),EG.ELC.COAL.ZS,,,,,,,,,,,,,,,,,,,,,,,,,,,,,,97.59891782,97.96791444,97.95423957,97.85123967,96.59480647,96.88200987,97.06811006,97.41468459,97.88841534,97.28697749,96.53637771,97.8279607,98.14908295,97.57854406,96.94628403,97.46690636
"Yemen, Rep.",YEM,Electricity production from coal sources (% of total),EG.ELC.COAL.ZS,0,0,0,0,0,0,0,0,0,0,0,0,0,0,0,0,0,0,0,0,0,0,0,0,0,0,0,0,0,0,0,0,0,0,0,0,0,0,0,0,0,0,0,0,0
South Africa,ZAF,Electricity production from coal sources (% of total),EG.ELC.COAL.ZS,99.79504822,98.59874324,98.47025936,98.3745441,98.5045531,97.59948587,97.56358702,97.72770309,98.70637786,98.96312316,98.52361512,99.12865929,99.47408398,96.64645867,95.76967691,92.85246081,94.80341835,91.25547091,91.46254312,94.28061795,93.3194004,93.97926324,95.73087373,93.86145538,93.40763077,93.40638409,92.83527634,92.39877016,93.13448623,93.06283289,93.74702771,93.3012756,94.10459766,93.94471423,94.63716924,94.71080442,94.77005758,94.26696254,94.09800863,94.26062155,93.80412673,94.63150173,93.74387816,93.10180342,92.71123792
Zambia,ZMB,Electricity production from coal sources (% of total),EG.ELC.COAL.ZS,20.3125,6.027315914,6.710213777,3.487614081,3.599497014,1.783492327,1.357719928,1.149283243,0.4998889136,0.6774193548,0.4766160262,0.3439709536,0.4379416741,0.4924592182,0.3574975174,0.3677221655,0.4438416965,0.4316546763,0.6123698714,0.4867090977,0.4642422903,0.6233845218,0.500121981,0.2334152334,0.1514386673,0.2372644801,0.3022289384,0.3025121663,0.180319423,0.1795332136,0.1888455244,0.1962467803,0.2045974245,0.1527973672,0.1790510295,0,0,0,0,0,0,0,0,0,0
Zimbabwe,ZWE,Electricity production from coal sources (% of total),EG.ELC.COAL.ZS,32.67629095,17.27083814,32.57927301,11.92138134,13.33442946,12.01478743,7.148359267,11.30657285,10.39737078,11.73750275,9.439252336,13.02314131,16.61863593,26.21359223,40.30100334,54.43889316,82.53743105,66.07560645,61.15065935,53.33262123,64.67951591,61.62437781,72.38885913,72.19641672,70.74638331,70.46292503,70.90983831,70.74282242,58.39796926,53.39528234,62.07943334,55.46756725,39.09535174,43.18345509,47.31171325,31.96639077,28.11144697,23.71147541,24.07077218,31.71379111,41.65581597,39.05248289,45.46499478,43.85597447,46.7813369